"indicateur","découpage-administratif","sexe","Unit","Date","Value"
"Population résidente par découpage administratif et par sexe","TOGO","Total","Nombre","2022","8095498"
"Population résidente par découpage administratif et par sexe","SAVANES","Total","Nombre","2022","1143520"
"Population résidente par découpage administratif et par sexe","TONE","Total","Nombre","2022","388775"
"Population résidente par découpage administratif et par sexe","TONE 1","Total","Nombre","2022","211743"
"Population résidente par découpage administratif et par sexe","DAPAONG","Total","Nombre","2022","144711"
"Population résidente par découpage administratif et par sexe","KOURIENTRE","Total","Nombre","2022","12224"
"Population résidente par découpage administratif et par sexe","POISSONGUI","Total","Nombre","2022","6155"
"Population résidente par découpage administratif et par sexe","NATIGOU","Total","Nombre","2022","11234"
"Population résidente par découpage administratif et par sexe","TOAGA","Total","Nombre","2022","13494"
"Population résidente par découpage administratif et par sexe","PANA","Total","Nombre","2022","13279"
"Population résidente par découpage administratif et par sexe","BIDJENGA","Total","Nombre","2022","10646"
"Population résidente par découpage administratif et par sexe","TONE 2","Total","Nombre","2022","50179"
"Population résidente par découpage administratif et par sexe","NAKI-OUEST","Total","Nombre","2022","24016"
"Population résidente par découpage administratif et par sexe","NAMARE","Total","Nombre","2022","12103"
"Population résidente par découpage administratif et par sexe","NANERGOU","Total","Nombre","2022","14060"
"Population résidente par découpage administratif et par sexe","TONE 3","Total","Nombre","2022","60276"
"Population résidente par découpage administratif et par sexe","TAMI","Total","Nombre","2022","20619"
"Population résidente par découpage administratif et par sexe","NIOUKPOURMA","Total","Nombre","2022","17991"
"Population résidente par découpage administratif et par sexe","LOTOGOU","Total","Nombre","2022","14432"
"Population résidente par découpage administratif et par sexe","WARKAMBOU","Total","Nombre","2022","7234"
"Population résidente par découpage administratif et par sexe","TONE 4","Total","Nombre","2022","66577"
"Population résidente par découpage administratif et par sexe","KORBONGOU","Total","Nombre","2022","25609"
"Population résidente par découpage administratif et par sexe","LOUANGA","Total","Nombre","2022","11434"
"Population résidente par découpage administratif et par sexe","KANTINDI","Total","Nombre","2022","14016"
"Population résidente par découpage administratif et par sexe","SANFATOUTE","Total","Nombre","2022","15518"
"Population résidente par découpage administratif et par sexe","CINKASSE","Total","Nombre","2022","128959"
"Population résidente par découpage administratif et par sexe","CINKASSE 1","Total","Nombre","2022","75992"
"Population résidente par découpage administratif et par sexe","CINKASSE","Total","Nombre","2022","63226"
"Population résidente par découpage administratif et par sexe","BOADE","Total","Nombre","2022","7403"
"Population résidente par découpage administratif et par sexe","GNOAGA","Total","Nombre","2022","1656"
"Population résidente par découpage administratif et par sexe","GOULOUNGOUSSI","Total","Nombre","2022","3707"
"Population résidente par découpage administratif et par sexe","CINKASSE 2","Total","Nombre","2022","52967"
"Population résidente par découpage administratif et par sexe","TIMBOU","Total","Nombre","2022","21709"
"Population résidente par découpage administratif et par sexe","SAM-NABA","Total","Nombre","2022","9361"
"Population résidente par découpage administratif et par sexe","NADJOUNDI","Total","Nombre","2022","10140"
"Population résidente par découpage administratif et par sexe","BIANKOURI","Total","Nombre","2022","11757"
"Population résidente par découpage administratif et par sexe","KPENDJAL-OUEST","Total","Nombre","2022","123330"
"Population résidente par découpage administratif et par sexe","KPENDJAL-OUEST 1","Total","Nombre","2022","56459"
"Population résidente par découpage administratif et par sexe","NAKI-EST","Total","Nombre","2022","24761"
"Population résidente par découpage administratif et par sexe","NAYEGA","Total","Nombre","2022","19235"
"Population résidente par découpage administratif et par sexe","OGARO","Total","Nombre","2022","12463"
"Population résidente par découpage administratif et par sexe","KPENDJAL-OUEST 2","Total","Nombre","2022","66871"
"Population résidente par découpage administratif et par sexe","POGNO","Total","Nombre","2022","15448"
"Population résidente par découpage administratif et par sexe","NAMOUNDJOGA","Total","Nombre","2022","17896"
"Population résidente par découpage administratif et par sexe","TAMBONGA","Total","Nombre","2022","18709"
"Population résidente par découpage administratif et par sexe","PAPRI","Total","Nombre","2022","14818"
"Population résidente par découpage administratif et par sexe","KPENDJAL","Total","Nombre","2022","88365"
"Population résidente par découpage administratif et par sexe","KPENDJAL 1","Total","Nombre","2022","47903"
"Population résidente par découpage administratif et par sexe","MANDOURI","Total","Nombre","2022","20616"
"Population résidente par découpage administratif et par sexe","TAMBIGOU","Total","Nombre","2022","9361"
"Population résidente par découpage administratif et par sexe","KOUNDJOARE","Total","Nombre","2022","17926"
"Population résidente par découpage administratif et par sexe","KPENDJAL 2","Total","Nombre","2022","40462"
"Population résidente par découpage administratif et par sexe","BORGOU","Total","Nombre","2022","40462"
"Population résidente par découpage administratif et par sexe","OTI-SUD","Total","Nombre","2022","150376"
"Population résidente par découpage administratif et par sexe","OTI-SUD 1","Total","Nombre","2022","106052"
"Population résidente par découpage administratif et par sexe","GANDO","Total","Nombre","2022","41374"
"Population résidente par découpage administratif et par sexe","SAGBIEBOU","Total","Nombre","2022","20370"
"Population résidente par découpage administratif et par sexe","MOGOU","Total","Nombre","2022","30442"
"Population résidente par découpage administratif et par sexe","TCHAMONGA","Total","Nombre","2022","13866"
"Population résidente par découpage administratif et par sexe","OTI-SUD 2","Total","Nombre","2022","44324"
"Population résidente par découpage administratif et par sexe","TAKPAMBA","Total","Nombre","2022","12423"
"Population résidente par découpage administratif et par sexe","NALI","Total","Nombre","2022","11284"
"Population résidente par découpage administratif et par sexe","KOUMONGOU","Total","Nombre","2022","7167"
"Population résidente par découpage administratif et par sexe","KOUNTOIRE","Total","Nombre","2022","13450"
"Population résidente par découpage administratif et par sexe","OTI","Total","Nombre","2022","124848"
"Population résidente par découpage administratif et par sexe","OTI 1","Total","Nombre","2022","54479"
"Population résidente par découpage administratif et par sexe","MANGO","Total","Nombre","2022","41803"
"Population résidente par découpage administratif et par sexe","SADORI","Total","Nombre","2022","8100"
"Population résidente par découpage administratif et par sexe","FARE","Total","Nombre","2022","4576"
"Population résidente par découpage administratif et par sexe","OTI 2","Total","Nombre","2022","70369"
"Population résidente par découpage administratif et par sexe","BARKOISSI","Total","Nombre","2022","21060"
"Population résidente par découpage administratif et par sexe","GALANGASHIE","Total","Nombre","2022","14810"
"Population résidente par découpage administratif et par sexe","TCHANAGA","Total","Nombre","2022","8973"
"Population résidente par découpage administratif et par sexe","NAGBENI","Total","Nombre","2022","19607"
"Population résidente par découpage administratif et par sexe","LOKO","Total","Nombre","2022","5919"
"Population résidente par découpage administratif et par sexe","TANDJOARE","Total","Nombre","2022","138867"
"Population résidente par découpage administratif et par sexe","TANDJOARE 1","Total","Nombre","2022","74692"
"Population résidente par découpage administratif et par sexe","NANDOGA","Total","Nombre","2022","6334"
"Population résidente par découpage administratif et par sexe","BOMBOUAKA","Total","Nombre","2022","10769"
"Population résidente par découpage administratif et par sexe","PLIGOU","Total","Nombre","2022","7042"
"Population résidente par découpage administratif et par sexe","BOULOGOU","Total","Nombre","2022","6101"
"Population résidente par découpage administratif et par sexe","LOKO","Total","Nombre","2022","6187"
"Population résidente par découpage administratif et par sexe","TAMONGUE","Total","Nombre","2022","21405"
"Population résidente par découpage administratif et par sexe","BOGOU","Total","Nombre","2022","10506"
"Population résidente par découpage administratif et par sexe","GOUNDOGA","Total","Nombre","2022","6348"
"Population résidente par découpage administratif et par sexe","TANDJOARE 2","Total","Nombre","2022","64175"
"Population résidente par découpage administratif et par sexe","NANO","Total","Nombre","2022","17093"
"Population résidente par découpage administratif et par sexe","DOUKPERGOU","Total","Nombre","2022","7026"
"Population résidente par découpage administratif et par sexe","LOKPANO","Total","Nombre","2022","6025"
"Population résidente par découpage administratif et par sexe","SANGOU","Total","Nombre","2022","2620"
"Population résidente par découpage administratif et par sexe","MAMPROUGOU","Total","Nombre","2022","6331"
"Population résidente par découpage administratif et par sexe","BAGOU","Total","Nombre","2022","2390"
"Population résidente par découpage administratif et par sexe","TAMPIALIME","Total","Nombre","2022","14347"
"Population résidente par découpage administratif et par sexe","SISSIAK","Total","Nombre","2022","8343"
"Population résidente par découpage administratif et par sexe","KARA","Total","Nombre","2022","985512"
"Population résidente par découpage administratif et par sexe","KOZAH","Total","Nombre","2022","283738"
"Population résidente par découpage administratif et par sexe","KOZAH 1","Total","Nombre","2022","193625"
"Population résidente par découpage administratif et par sexe","LAMA","Total","Nombre","2022","161176"
"Population résidente par découpage administratif et par sexe","LASSA","Total","Nombre","2022","12999"
"Population résidente par découpage administratif et par sexe","SOUMDINA","Total","Nombre","2022","9274"
"Population résidente par découpage administratif et par sexe","LANDA","Total","Nombre","2022","10176"
"Population résidente par découpage administratif et par sexe","KOZAH 2","Total","Nombre","2022","45704"
"Population résidente par découpage administratif et par sexe","PYA","Total","Nombre","2022","11398"
"Population résidente par découpage administratif et par sexe","KOUMEA","Total","Nombre","2022","7489"
"Population résidente par découpage administratif et par sexe","TCHARE","Total","Nombre","2022","2301"
"Population résidente par découpage administratif et par sexe","BOHOU","Total","Nombre","2022","6739"
"Population résidente par découpage administratif et par sexe","YADE","Total","Nombre","2022","4301"
"Population résidente par découpage administratif et par sexe","TCHITCHAO","Total","Nombre","2022","7427"
"Population résidente par découpage administratif et par sexe","SARAKAWA","Total","Nombre","2022","6049"
"Population résidente par découpage administratif et par sexe","KOZAH 3","Total","Nombre","2022","23755"
"Population résidente par découpage administratif et par sexe","AWANDJELO","Total","Nombre","2022","12147"
"Population résidente par découpage administratif et par sexe","KPINZINDE","Total","Nombre","2022","11608"
"Population résidente par découpage administratif et par sexe","KOZAH 4","Total","Nombre","2022","20654"
"Population résidente par découpage administratif et par sexe","ATCHANGBADE","Total","Nombre","2022","16876"
"Population résidente par découpage administratif et par sexe","DJAMDE","Total","Nombre","2022","3778"
"Population résidente par découpage administratif et par sexe","ASSOLI","Total","Nombre","2022","66394"
"Population résidente par découpage administratif et par sexe","ASSOLI 1","Total","Nombre","2022","40417"
"Population résidente par découpage administratif et par sexe","BAFILO","Total","Nombre","2022","27038"
"Population résidente par découpage administratif et par sexe","BOULADE","Total","Nombre","2022","5384"
"Population résidente par découpage administratif et par sexe","DAKO/DAOUDE","Total","Nombre","2022","7995"
"Population résidente par découpage administratif et par sexe","ASSOLI 2","Total","Nombre","2022","9933"
"Population résidente par découpage administratif et par sexe","ALEDJO","Total","Nombre","2022","4809"
"Population résidente par découpage administratif et par sexe","KOUMONDE","Total","Nombre","2022","5124"
"Population résidente par découpage administratif et par sexe","ASSOLI 3","Total","Nombre","2022","16044"
"Population résidente par découpage administratif et par sexe","SOUDOU","Total","Nombre","2022","16044"
"Population résidente par découpage administratif et par sexe","BASSAR","Total","Nombre","2022","152065"
"Population résidente par découpage administratif et par sexe","BASSAR 1","Total","Nombre","2022","65059"
"Population résidente par découpage administratif et par sexe","BASSAR","Total","Nombre","2022","45846"
"Population résidente par découpage administratif et par sexe","BAGHAN","Total","Nombre","2022","11814"
"Population résidente par découpage administratif et par sexe","KALANGA","Total","Nombre","2022","7399"
"Population résidente par découpage administratif et par sexe","BASSAR 2","Total","Nombre","2022","36476"
"Population résidente par découpage administratif et par sexe","BANGELI","Total","Nombre","2022","15571"
"Population résidente par découpage administratif et par sexe","BITCHABE","Total","Nombre","2022","7142"
"Population résidente par découpage administratif et par sexe","DIMORI","Total","Nombre","2022","13763"
"Population résidente par découpage administratif et par sexe","BASSAR 3","Total","Nombre","2022","33873"
"Population résidente par découpage administratif et par sexe","KABOU","Total","Nombre","2022","26604"
"Population résidente par découpage administratif et par sexe","MANGA","Total","Nombre","2022","7269"
"Population résidente par découpage administratif et par sexe","BASSAR 4","Total","Nombre","2022","16657"
"Population résidente par découpage administratif et par sexe","SANDA-KAGBANDA","Total","Nombre","2022","10642"
"Population résidente par découpage administratif et par sexe","SANDA-AFOHOU","Total","Nombre","2022","6015"
"Population résidente par découpage administratif et par sexe","DANKPEN","Total","Nombre","2022","185662"
"Population résidente par découpage administratif et par sexe","DANKPEN 1","Total","Nombre","2022","76294"
"Population résidente par découpage administratif et par sexe","GUERIN-KOUKA","Total","Nombre","2022","48399"
"Population résidente par découpage administratif et par sexe","NAMPOCH","Total","Nombre","2022","9256"
"Population résidente par découpage administratif et par sexe","KATCHAMBA","Total","Nombre","2022","9121"
"Population résidente par découpage administratif et par sexe","KOULFIEKOU","Total","Nombre","2022","9518"
"Population résidente par découpage administratif et par sexe","DANKPEN 2","Total","Nombre","2022","32716"
"Population résidente par découpage administratif et par sexe","NAMON","Total","Nombre","2022","9389"
"Population résidente par découpage administratif et par sexe","NATCHIBORE","Total","Nombre","2022","11741"
"Population résidente par découpage administratif et par sexe","NATCHITIKPI","Total","Nombre","2022","7844"
"Population résidente par découpage administratif et par sexe","KOUTCHITCHEOU","Total","Nombre","2022","3742"
"Population résidente par découpage administratif et par sexe","DANKPEN 3","Total","Nombre","2022","76652"
"Population résidente par découpage administratif et par sexe","BAPURE","Total","Nombre","2022","25428"
"Population résidente par découpage administratif et par sexe","NANDOUTA","Total","Nombre","2022","14114"
"Population résidente par découpage administratif et par sexe","NAWARE","Total","Nombre","2022","18253"
"Population résidente par découpage administratif et par sexe","KIDJABOUN","Total","Nombre","2022","18857"
"Population résidente par découpage administratif et par sexe","KERAN","Total","Nombre","2022","128687"
"Population résidente par découpage administratif et par sexe","KERAN 1","Total","Nombre","2022","44399"
"Population résidente par découpage administratif et par sexe","KANDE","Total","Nombre","2022","26266"
"Population résidente par découpage administratif et par sexe","AKPONTE","Total","Nombre","2022","8877"
"Population résidente par découpage administratif et par sexe","PESSIDE","Total","Nombre","2022","9256"
"Population résidente par découpage administratif et par sexe","KERAN 2","Total","Nombre","2022","53305"
"Population résidente par découpage administratif et par sexe","ATALOTE","Total","Nombre","2022","17429"
"Population résidente par découpage administratif et par sexe","OSSACRE","Total","Nombre","2022","19842"
"Population résidente par découpage administratif et par sexe","HELOTA","Total","Nombre","2022","16034"
"Population résidente par découpage administratif et par sexe","KERAN 3","Total","Nombre","2022","30983"
"Population résidente par découpage administratif et par sexe","NADOBA","Total","Nombre","2022","19878"
"Population résidente par découpage administratif et par sexe","WARENGO","Total","Nombre","2022","6315"
"Population résidente par découpage administratif et par sexe","KOUTOUGOU","Total","Nombre","2022","4790"
"Population résidente par découpage administratif et par sexe","DOUFELGOU","Total","Nombre","2022","84767"
"Population résidente par découpage administratif et par sexe","DOUFELGOU 1","Total","Nombre","2022","44783"
"Population résidente par découpage administratif et par sexe","NIAMTOUGOU","Total","Nombre","2022","6433"
"Population résidente par découpage administratif et par sexe","AGBANDE-YAKA","Total","Nombre","2022","8915"
"Population résidente par découpage administratif et par sexe","BAGA","Total","Nombre","2022","5905"
"Population résidente par découpage administratif et par sexe","KOKA","Total","Nombre","2022","3433"
"Population résidente par découpage administratif et par sexe","TENEGA","Total","Nombre","2022","4303"
"Population résidente par découpage administratif et par sexe","SIOU","Total","Nombre","2022","8910"
"Population résidente par découpage administratif et par sexe","POUDA","Total","Nombre","2022","3137"
"Population résidente par découpage administratif et par sexe","MASSEDENA","Total","Nombre","2022","3747"
"Population résidente par découpage administratif et par sexe","DOUFELGOU 2","Total","Nombre","2022","11722"
"Population résidente par découpage administratif et par sexe","DEFALE","Total","Nombre","2022","6938"
"Population résidente par découpage administratif et par sexe","KPAHA","Total","Nombre","2022","3692"
"Population résidente par découpage administratif et par sexe","ANIMA","Total","Nombre","2022","1092"
"Population résidente par découpage administratif et par sexe","DOUFELGOU 3","Total","Nombre","2022","28262"
"Population résidente par découpage administratif et par sexe","KADJALLA","Total","Nombre","2022","9835"
"Population résidente par découpage administratif et par sexe","TCHORE","Total","Nombre","2022","3982"
"Population résidente par découpage administratif et par sexe","ALLOUM","Total","Nombre","2022","10239"
"Population résidente par découpage administratif et par sexe","LEON","Total","Nombre","2022","4206"
"Population résidente par découpage administratif et par sexe","BINAH","Total","Nombre","2022","84199"
"Population résidente par découpage administratif et par sexe","BINAH 1","Total","Nombre","2022","44039"
"Population résidente par découpage administratif et par sexe","PAGOUDA","Total","Nombre","2022","16870"
"Population résidente par découpage administratif et par sexe","LAMA-DESSI","Total","Nombre","2022","3932"
"Population résidente par découpage administratif et par sexe","PITIKITA","Total","Nombre","2022","1484"
"Population résidente par découpage administratif et par sexe","PESSARE","Total","Nombre","2022","6329"
"Population résidente par découpage administratif et par sexe","BOUFALE","Total","Nombre","2022","5801"
"Population résidente par découpage administratif et par sexe","SOLLA","Total","Nombre","2022","9623"
"Population résidente par découpage administratif et par sexe","BINAH2","Total","Nombre","2022","40160"
"Population résidente par découpage administratif et par sexe","KETAO","Total","Nombre","2022","25809"
"Population résidente par découpage administratif et par sexe","KEMERIDA","Total","Nombre","2022","7182"
"Population résidente par découpage administratif et par sexe","SIRKA","Total","Nombre","2022","7169"
"Population résidente par découpage administratif et par sexe","CENTRALE","Total","Nombre","2022","795529"
"Population résidente par découpage administratif et par sexe","TCHAOUDJO","Total","Nombre","2022","240360"
"Population résidente par découpage administratif et par sexe","TCHAOUDJO 1","Total","Nombre","2022","177706"
"Population résidente par découpage administratif et par sexe","KOMAH","Total","Nombre","2022","91606"
"Population résidente par découpage administratif et par sexe","KPARATAO","Total","Nombre","2022","16588"
"Population résidente par découpage administratif et par sexe","KADAMBARA","Total","Nombre","2022","23526"
"Population résidente par découpage administratif et par sexe","TCHALO","Total","Nombre","2022","8871"
"Population résidente par découpage administratif et par sexe","KPANGALAM","Total","Nombre","2022","37115"
"Population résidente par découpage administratif et par sexe","TCHAOUDJO 2","Total","Nombre","2022","24891"
"Population résidente par découpage administratif et par sexe","LAMA-TESSI","Total","Nombre","2022","24891"
"Population résidente par découpage administratif et par sexe","TCHAOUDJO 3","Total","Nombre","2022","17484"
"Population résidente par découpage administratif et par sexe","ALEHERIDE","Total","Nombre","2022","6123"
"Population résidente par découpage administratif et par sexe","AMAIDE","Total","Nombre","2022","4338"
"Population résidente par découpage administratif et par sexe","KEMENI","Total","Nombre","2022","2876"
"Population résidente par découpage administratif et par sexe","KOLINA","Total","Nombre","2022","4147"
"Population résidente par découpage administratif et par sexe","TCHAOUDJO 4","Total","Nombre","2022","20279"
"Population résidente par découpage administratif et par sexe","AGOULOU","Total","Nombre","2022","13714"
"Population résidente par découpage administratif et par sexe","KPASSOUADE","Total","Nombre","2022","3468"
"Population résidente par découpage administratif et par sexe","WASSARABO","Total","Nombre","2022","3097"
"Population résidente par découpage administratif et par sexe","TCHAMBA","Total","Nombre","2022","200585"
"Population résidente par découpage administratif et par sexe","TCHAMBA 1","Total","Nombre","2022","82451"
"Population résidente par découpage administratif et par sexe","TCHAMBA","Total","Nombre","2022","48392"
"Population résidente par découpage administratif et par sexe","ALIBI","Total","Nombre","2022","10324"
"Population résidente par découpage administratif et par sexe","LARNI","Total","Nombre","2022","7113"
"Population résidente par découpage administratif et par sexe","KRI-KRI (ADJEIDE)","Total","Nombre","2022","7359"
"Population résidente par découpage administratif et par sexe","AFFEM","Total","Nombre","2022","9263"
"Population résidente par découpage administratif et par sexe","TCHAMBA 2","Total","Nombre","2022","64930"
"Population résidente par découpage administratif et par sexe","KOUSSOUNTOU","Total","Nombre","2022","28343"
"Population résidente par découpage administratif et par sexe","BAGO","Total","Nombre","2022","36587"
"Population résidente par découpage administratif et par sexe","TCHAMBA 3","Total","Nombre","2022","53204"
"Population résidente par découpage administratif et par sexe","KABOLI","Total","Nombre","2022","30575"
"Population résidente par découpage administratif et par sexe","GOUBI","Total","Nombre","2022","10845"
"Population résidente par découpage administratif et par sexe","BALANKA","Total","Nombre","2022","11784"
"Population résidente par découpage administratif et par sexe","BLITTA","Total","Nombre","2022","163272"
"Population résidente par découpage administratif et par sexe","BLITTA 1","Total","Nombre","2022","71539"
"Population résidente par découpage administratif et par sexe","BLITTA-GARE","Total","Nombre","2022","14067"
"Population résidente par découpage administratif et par sexe","BLITTA VILLAGE","Total","Nombre","2022","10794"
"Population résidente par découpage administratif et par sexe","YALOUMBE","Total","Nombre","2022","6253"
"Population résidente par découpage administratif et par sexe","TCHALOUDE","Total","Nombre","2022","9752"
"Population résidente par découpage administratif et par sexe","WARAGNI","Total","Nombre","2022","4956"
"Population résidente par découpage administratif et par sexe","PAGALA-GARE","Total","Nombre","2022","23112"
"Population résidente par découpage administratif et par sexe","DOUFOULI","Total","Nombre","2022","2605"
"Population résidente par découpage administratif et par sexe","BLITTA 2","Total","Nombre","2022","46515"
"Population résidente par découpage administratif et par sexe","AGBANDI","Total","Nombre","2022","12122"
"Population résidente par découpage administratif et par sexe","LANGABOU","Total","Nombre","2022","16790"
"Population résidente par découpage administratif et par sexe","KOFFITI","Total","Nombre","2022","10294"
"Population résidente par découpage administratif et par sexe","TCHARE-BAOU","Total","Nombre","2022","7309"
"Population résidente par découpage administratif et par sexe","BLITTA 3","Total","Nombre","2022","45218"
"Population résidente par découpage administratif et par sexe","M'POTI","Total","Nombre","2022","6971"
"Population résidente par découpage administratif et par sexe","TCHIFAMA","Total","Nombre","2022","5574"
"Population résidente par découpage administratif et par sexe","PAGALA-VILLAGE","Total","Nombre","2022","3554"
"Population résidente par découpage administratif et par sexe","WELLY","Total","Nombre","2022","10170"
"Population résidente par découpage administratif et par sexe","TINTCHRO","Total","Nombre","2022","4041"
"Population résidente par découpage administratif et par sexe","ATCHINTSE","Total","Nombre","2022","4572"
"Population résidente par découpage administratif et par sexe","DIGUENGUE","Total","Nombre","2022","1523"
"Population résidente par découpage administratif et par sexe","DIKPELEOU","Total","Nombre","2022","2086"
"Population résidente par découpage administratif et par sexe","YEGUE","Total","Nombre","2022","3472"
"Population résidente par découpage administratif et par sexe","KATCHENKE","Total","Nombre","2022","3255"
"Population résidente par découpage administratif et par sexe","SOTOUBOUA","Total","Nombre","2022","138864"
"Population résidente par découpage administratif et par sexe","SOTOUBOUA 1","Total","Nombre","2022","46907"
"Population résidente par découpage administratif et par sexe","SOTOUBOUA","Total","Nombre","2022","37143"
"Population résidente par découpage administratif et par sexe","KANIAMBOUA","Total","Nombre","2022","2190"
"Population résidente par découpage administratif et par sexe","TABINDE","Total","Nombre","2022","7574"
"Population résidente par découpage administratif et par sexe","SOTOUBOUA 2","Total","Nombre","2022","64187"
"Population résidente par découpage administratif et par sexe","ADJENGRE","Total","Nombre","2022","21727"
"Population résidente par découpage administratif et par sexe","SESSARO","Total","Nombre","2022","12226"
"Population résidente par découpage administratif et par sexe","TITIGBE","Total","Nombre","2022","7130"
"Population résidente par découpage administratif et par sexe","KERIADE","Total","Nombre","2022","3524"
"Population résidente par découpage administratif et par sexe","FAZAO","Total","Nombre","2022","2289"
"Population résidente par découpage administratif et par sexe","AOUDA","Total","Nombre","2022","17291"
"Population résidente par découpage administratif et par sexe","SOTOUBOUA 3","Total","Nombre","2022","27770"
"Population résidente par découpage administratif et par sexe","TCHEBEBE","Total","Nombre","2022","16205"
"Population résidente par découpage administratif et par sexe","BODJONDE","Total","Nombre","2022","2218"
"Population résidente par découpage administratif et par sexe","KAZABOUA","Total","Nombre","2022","9347"
"Population résidente par découpage administratif et par sexe","MO","Total","Nombre","2022","52448"
"Population résidente par découpage administratif et par sexe","MO 1","Total","Nombre","2022","30522"
"Population résidente par découpage administratif et par sexe","DJARKPANGA","Total","Nombre","2022","19374"
"Population résidente par découpage administratif et par sexe","KAGNIGBARA","Total","Nombre","2022","5317"
"Population résidente par découpage administratif et par sexe","BOULOHOU","Total","Nombre","2022","5831"
"Population résidente par découpage administratif et par sexe","MO 2","Total","Nombre","2022","21926"
"Population résidente par découpage administratif et par sexe","TINDJASSI","Total","Nombre","2022","14230"
"Population résidente par découpage administratif et par sexe","SAIBOUDE","Total","Nombre","2022","7696"
"Population résidente par découpage administratif et par sexe","PLATEAUX","Total","Nombre","2022","1635946"
"Population résidente par découpage administratif et par sexe","OGOU","Total","Nombre","2022","253467"
"Population résidente par découpage administratif et par sexe","OGOU 1","Total","Nombre","2022","116301"
"Population résidente par découpage administratif et par sexe","DJAMA","Total","Nombre","2022","45885"
"Population résidente par découpage administratif et par sexe","GNAGNA","Total","Nombre","2022","60222"
"Population résidente par découpage administratif et par sexe","WOUDOU","Total","Nombre","2022","10194"
"Population résidente par découpage administratif et par sexe","OGOU 2","Total","Nombre","2022","56282"
"Population résidente par découpage administratif et par sexe","DATCHA","Total","Nombre","2022","15180"
"Population résidente par découpage administratif et par sexe","KATORE","Total","Nombre","2022","13635"
"Population résidente par découpage administratif et par sexe","AKPARE","Total","Nombre","2022","27467"
"Population résidente par découpage administratif et par sexe","OGOU 3","Total","Nombre","2022","51836"
"Population résidente par découpage administratif et par sexe","GLEI","Total","Nombre","2022","51836"
"Population résidente par découpage administratif et par sexe","OGOU 4","Total","Nombre","2022","29048"
"Population résidente par découpage administratif et par sexe","OUNTIVOU","Total","Nombre","2022","29048"
"Population résidente par découpage administratif et par sexe","MOYEN-MONO","Total","Nombre","2022","90505"
"Population résidente par découpage administratif et par sexe","MOYEN-MONO 1","Total","Nombre","2022","46797"
"Population résidente par découpage administratif et par sexe","TOHOUN","Total","Nombre","2022","18393"
"Population résidente par découpage administratif et par sexe","TADO","Total","Nombre","2022","18476"
"Population résidente par découpage administratif et par sexe","AHASSOME","Total","Nombre","2022","9928"
"Population résidente par découpage administratif et par sexe","MOYEN-MONO 2","Total","Nombre","2022","43708"
"Population résidente par découpage administratif et par sexe","KPEKPLEME","Total","Nombre","2022","22135"
"Population résidente par découpage administratif et par sexe","KATOME","Total","Nombre","2022","8105"
"Population résidente par découpage administratif et par sexe","SALIGBE","Total","Nombre","2022","13468"
"Population résidente par découpage administratif et par sexe","HAHO","Total","Nombre","2022","305096"
"Population résidente par découpage administratif et par sexe","HAHO 1","Total","Nombre","2022","119929"
"Population résidente par découpage administratif et par sexe","NOTSE","Total","Nombre","2022","58983"
"Population résidente par découpage administratif et par sexe","ATCHAVE","Total","Nombre","2022","25560"
"Population résidente par découpage administratif et par sexe","DALIA","Total","Nombre","2022","16372"
"Population résidente par découpage administratif et par sexe","HAHOMEGBE","Total","Nombre","2022","19014"
"Population résidente par découpage administratif et par sexe","HAHO 2","Total","Nombre","2022","82507"
"Population résidente par découpage administratif et par sexe","ASRAMA","Total","Nombre","2022","50994"
"Population résidente par découpage administratif et par sexe","DJEMEGNI","Total","Nombre","2022","31513"
"Population résidente par découpage administratif et par sexe","HAHO 3","Total","Nombre","2022","58695"
"Population résidente par découpage administratif et par sexe","KPEDOME","Total","Nombre","2022","46326"
"Population résidente par découpage administratif et par sexe","AKPAKPAKPE","Total","Nombre","2022","12369"
"Population résidente par découpage administratif et par sexe","HAHO 4","Total","Nombre","2022","43965"
"Population résidente par découpage administratif et par sexe","WAHALA","Total","Nombre","2022","36703"
"Population résidente par découpage administratif et par sexe","AYITO","Total","Nombre","2022","7262"
"Population résidente par découpage administratif et par sexe","AGOU","Total","Nombre","2022","85793"
"Population résidente par découpage administratif et par sexe","AGOU 1","Total","Nombre","2022","58328"
"Population résidente par découpage administratif et par sexe","AGOU TAVIE","Total","Nombre","2022","9019"
"Population résidente par découpage administratif et par sexe","AGOU-AKPLOLO","Total","Nombre","2022","2609"
"Population résidente par découpage administratif et par sexe","AGOU KEBO","Total","Nombre","2022","2708"
"Population résidente par découpage administratif et par sexe","AGOU YIBOE","Total","Nombre","2022","2894"
"Population résidente par découpage administratif et par sexe","KATI","Total","Nombre","2022","8231"
"Population résidente par découpage administratif et par sexe","GADJA","Total","Nombre","2022","20634"
"Population résidente par découpage administratif et par sexe","AGOU ATIGBE","Total","Nombre","2022","1845"
"Population résidente par découpage administratif et par sexe","ADJAHUN FIAGBE","Total","Nombre","2022","2934"
"Population résidente par découpage administratif et par sexe","NYOGBO-NORD_NYOGBO-SUD","Total","Nombre","2022","7454"
"Population résidente par découpage administratif et par sexe","AGOU 2","Total","Nombre","2022","27465"
"Population résidente par découpage administratif et par sexe","AMOUSSOU KOPE","Total","Nombre","2022","11697"
"Population résidente par découpage administratif et par sexe","ADZAKPA","Total","Nombre","2022","7436"
"Population résidente par découpage administratif et par sexe","AGOTIME NORD","Total","Nombre","2022","8332"
"Population résidente par découpage administratif et par sexe","KLOTO","Total","Nombre","2022","145986"
"Population résidente par découpage administratif et par sexe","KLOTO 1","Total","Nombre","2022","118387"
"Population résidente par découpage administratif et par sexe","AGOME KPALIME","Total","Nombre","2022","87478"
"Population résidente par découpage administratif et par sexe","YOKELE","Total","Nombre","2022","3248"
"Population résidente par découpage administratif et par sexe","TOVE","Total","Nombre","2022","5662"
"Population résidente par découpage administratif et par sexe","TOME","Total","Nombre","2022","3287"
"Population résidente par découpage administratif et par sexe","GBALAVE","Total","Nombre","2022","2304"
"Population résidente par découpage administratif et par sexe","HANYIGBA","Total","Nombre","2022","4455"
"Population résidente par découpage administratif et par sexe","KPADAPE_WOME","Total","Nombre","2022","11953"
"Population résidente par découpage administratif et par sexe","KLOTO 2","Total","Nombre","2022","16166"
"Population résidente par découpage administratif et par sexe","KPIME","Total","Nombre","2022","7225"
"Population résidente par découpage administratif et par sexe","LAVIE /LAVIE APEDOME","Total","Nombre","2022","8941"
"Population résidente par découpage administratif et par sexe","KLOTO 3","Total","Nombre","2022","11433"
"Population résidente par découpage administratif et par sexe","KOUMA","Total","Nombre","2022","6815"
"Population résidente par découpage administratif et par sexe","AGOME","Total","Nombre","2022","1785"
"Population résidente par découpage administratif et par sexe","AGOME-TOMEGBE","Total","Nombre","2022","2833"
"Population résidente par découpage administratif et par sexe","KPELE","Total","Nombre","2022","80939"
"Population résidente par découpage administratif et par sexe","KPELE 1","Total","Nombre","2022","53275"
"Population résidente par découpage administratif et par sexe","KPELE-NOVIVE","Total","Nombre","2022","29987"
"Population résidente par découpage administratif et par sexe","AKATA","Total","Nombre","2022","7655"
"Population résidente par découpage administratif et par sexe","KPELE-GOVIE","Total","Nombre","2022","4629"
"Population résidente par découpage administratif et par sexe","KPELE-DAWLOTOU","Total","Nombre","2022","11004"
"Population résidente par découpage administratif et par sexe","KPELE 2","Total","Nombre","2022","27664"
"Population résidente par découpage administratif et par sexe","KPELE-CENTRE/GOUDEVE","Total","Nombre","2022","7262"
"Population résidente par découpage administratif et par sexe","KPELE-GBALADZE","Total","Nombre","2022","3325"
"Population résidente par découpage administratif et par sexe","KPELE-KAME","Total","Nombre","2022","5966"
"Population résidente par découpage administratif et par sexe","KPELE-DUTOE","Total","Nombre","2022","3573"
"Population résidente par découpage administratif et par sexe","KPELE-NORD","Total","Nombre","2022","7538"
"Population résidente par découpage administratif et par sexe","DANYI","Total","Nombre","2022","40240"
"Population résidente par découpage administratif et par sexe","DANYI 1+DANYI 2","Total","Nombre","2022","40240"
"Population résidente par découpage administratif et par sexe","DANYI-KAKPA","Total","Nombre","2022","8891"
"Population résidente par découpage administratif et par sexe","YIKPA","Total","Nombre","2022","1243"
"Population résidente par découpage administratif et par sexe","DANYI-ATIGBA_DANYI-ELAVANYO","Total","Nombre","2022","22125"
"Population résidente par découpage administratif et par sexe","AHLON","Total","Nombre","2022","4423"
"Population résidente par découpage administratif et par sexe","DANYI KPETO-EVITA","Total","Nombre","2022","3558"
"Population résidente par découpage administratif et par sexe","WAWA","Total","Nombre","2022","101300"
"Population résidente par découpage administratif et par sexe","WAWA 1","Total","Nombre","2022","51187"
"Population résidente par découpage administratif et par sexe","BADOU","Total","Nombre","2022","20144"
"Population résidente par découpage administratif et par sexe","KESSIBO","Total","Nombre","2022","10490"
"Population résidente par découpage administratif et par sexe","TOMEGBE","Total","Nombre","2022","8784"
"Population résidente par découpage administratif et par sexe","KPETE BENA","Total","Nombre","2022","11769"
"Population résidente par découpage administratif et par sexe","WAWA 2","Total","Nombre","2022","20414"
"Population résidente par découpage administratif et par sexe","EKETO_GBANDI-N'KOUGNA_GOBE","Total","Nombre","2022","20414"
"Population résidente par découpage administratif et par sexe","WAWA 3","Total","Nombre","2022","29699"
"Population résidente par découpage administratif et par sexe","OKOU","Total","Nombre","2022","4765"
"Population résidente par découpage administratif et par sexe","OUNABE","Total","Nombre","2022","3477"
"Population résidente par découpage administratif et par sexe","DOUME","Total","Nombre","2022","4642"
"Population résidente par découpage administratif et par sexe","ZOGBEGAN","Total","Nombre","2022","10912"
"Population résidente par découpage administratif et par sexe","KLABE EFOUKPA","Total","Nombre","2022","5903"
"Population résidente par découpage administratif et par sexe","AKEBOU","Total","Nombre","2022","73830"
"Population résidente par découpage administratif et par sexe","AKEBOU 1","Total","Nombre","2022","44196"
"Population résidente par découpage administratif et par sexe","KOUGNOHOU","Total","Nombre","2022","13718"
"Population résidente par découpage administratif et par sexe","VHE","Total","Nombre","2022","5315"
"Population résidente par découpage administratif et par sexe","DJON","Total","Nombre","2022","13562"
"Population résidente par découpage administratif et par sexe","GBENDE","Total","Nombre","2022","6071"
"Population résidente par découpage administratif et par sexe","YALLA","Total","Nombre","2022","5530"
"Population résidente par découpage administratif et par sexe","AKEBOU 2","Total","Nombre","2022","29634"
"Population résidente par découpage administratif et par sexe","KAMINA","Total","Nombre","2022","14632"
"Population résidente par découpage administratif et par sexe","KPALAVE","Total","Nombre","2022","6989"
"Population résidente par découpage administratif et par sexe","SEREGBENE","Total","Nombre","2022","8013"
"Population résidente par découpage administratif et par sexe","AMOU","Total","Nombre","2022","114172"
"Population résidente par découpage administratif et par sexe","AMOU 1","Total","Nombre","2022","19746"
"Population résidente par découpage administratif et par sexe","OUMA-AMLAME","Total","Nombre","2022","13782"
"Population résidente par découpage administratif et par sexe","IMLE","Total","Nombre","2022","4806"
"Population résidente par découpage administratif et par sexe","ADIVA","Total","Nombre","2022","1158"
"Population résidente par découpage administratif et par sexe","AMOU 2","Total","Nombre","2022","40016"
"Population résidente par découpage administratif et par sexe","AMOU-OBLO","Total","Nombre","2022","19923"
"Population résidente par découpage administratif et par sexe","SODO","Total","Nombre","2022","3920"
"Population résidente par découpage administratif et par sexe","EKPEGNON","Total","Nombre","2022","6098"
"Population résidente par découpage administratif et par sexe","KPATEGAN","Total","Nombre","2022","10075"
"Population résidente par découpage administratif et par sexe","AMOU 2","Total","Nombre","2022","54410"
"Population résidente par découpage administratif et par sexe","HIHEATRO","Total","Nombre","2022","23330"
"Population résidente par découpage administratif et par sexe","OKPAHOE","Total","Nombre","2022","1247"
"Population résidente par découpage administratif et par sexe","OTADI","Total","Nombre","2022","5421"
"Population résidente par découpage administratif et par sexe","GAME","Total","Nombre","2022","7377"
"Population résidente par découpage administratif et par sexe","AVEDJE-ITADI","Total","Nombre","2022","3116"
"Population résidente par découpage administratif et par sexe","TEMEDJA","Total","Nombre","2022","9026"
"Population résidente par découpage administratif et par sexe","EVOU","Total","Nombre","2022","4893"
"Population résidente par découpage administratif et par sexe","ANIE","Total","Nombre","2022","180158"
"Population résidente par découpage administratif et par sexe","ANIE 1","Total","Nombre","2022","100745"
"Population résidente par découpage administratif et par sexe","ANIE","Total","Nombre","2022","78455"
"Population résidente par découpage administratif et par sexe","PALLAKOKO","Total","Nombre","2022","7372"
"Population résidente par découpage administratif et par sexe","KOLO-KOPE","Total","Nombre","2022","14918"
"Population résidente par découpage administratif et par sexe","ANIE 2","Total","Nombre","2022","79413"
"Population résidente par découpage administratif et par sexe","ADOGBENOU","Total","Nombre","2022","37998"
"Population résidente par découpage administratif et par sexe","GLITTO","Total","Nombre","2022","23415"
"Population résidente par découpage administratif et par sexe","ATCHINEDJI","Total","Nombre","2022","18000"
"Population résidente par découpage administratif et par sexe","EST-MONO","Total","Nombre","2022","164460"
"Population résidente par découpage administratif et par sexe","EST-MONO 1","Total","Nombre","2022","34652"
"Population résidente par découpage administratif et par sexe","ELAVAGNON","Total","Nombre","2022","25016"
"Population résidente par découpage administratif et par sexe","GBADJAHE","Total","Nombre","2022","9636"
"Population résidente par découpage administratif et par sexe","EST-MONO 2","Total","Nombre","2022","101866"
"Population résidente par découpage administratif et par sexe","MORETAN","Total","Nombre","2022","49295"
"Population résidente par découpage administratif et par sexe","BADIN","Total","Nombre","2022","26879"
"Population résidente par découpage administratif et par sexe","KAMINA","Total","Nombre","2022","25692"
"Population résidente par découpage administratif et par sexe","EST-MONO 1","Total","Nombre","2022","27942"
"Population résidente par découpage administratif et par sexe","NYAMASSILA","Total","Nombre","2022","16032"
"Population résidente par découpage administratif et par sexe","KPESSI","Total","Nombre","2022","11910"
"Population résidente par découpage administratif et par sexe","MARITIME","Total","Nombre","2022","1346615"
"Population résidente par découpage administratif et par sexe","ZIO","Total","Nombre","2022","500032"
"Population résidente par découpage administratif et par sexe","ZIO 1","Total","Nombre","2022","307292"
"Population résidente par découpage administratif et par sexe","TSEVIE","Total","Nombre","2022","81568"
"Population résidente par découpage administratif et par sexe","GBATOPE","Total","Nombre","2022","26317"
"Population résidente par découpage administratif et par sexe","KPOME","Total","Nombre","2022","18991"
"Population résidente par découpage administratif et par sexe","ABOBO","Total","Nombre","2022","40622"
"Population résidente par découpage administratif et par sexe","DJAGBLE","Total","Nombre","2022","65455"
"Population résidente par découpage administratif et par sexe","DALAVE","Total","Nombre","2022","24596"
"Population résidente par découpage administratif et par sexe","DAVIE","Total","Nombre","2022","40518"
"Population résidente par découpage administratif et par sexe","GBLAINVIE","Total","Nombre","2022","9225"
"Population résidente par découpage administratif et par sexe","ZIO 2","Total","Nombre","2022","96193"
"Population résidente par découpage administratif et par sexe","KOVIE","Total","Nombre","2022","20834"
"Population résidente par découpage administratif et par sexe","WLI","Total","Nombre","2022","5687"
"Population résidente par découpage administratif et par sexe","BOLOU","Total","Nombre","2022","12878"
"Population résidente par découpage administratif et par sexe","MISSION TOVE","Total","Nombre","2022","56794"
"Population résidente par découpage administratif et par sexe","ZIO 3","Total","Nombre","2022","67843"
"Population résidente par découpage administratif et par sexe","AGBELOUVE","Total","Nombre","2022","50219"
"Population résidente par découpage administratif et par sexe","GAME","Total","Nombre","2022","17624"
"Population résidente par découpage administratif et par sexe","ZIO 4","Total","Nombre","2022","28704"
"Population résidente par découpage administratif et par sexe","GAPE-CENTRE","Total","Nombre","2022","20215"
"Population résidente par découpage administratif et par sexe","GAPE-KPODJI","Total","Nombre","2022","8489"
"Population résidente par découpage administratif et par sexe","YOTO","Total","Nombre","2022","174851"
"Population résidente par découpage administratif et par sexe","YOTO 1","Total","Nombre","2022","77353"
"Population résidente par découpage administratif et par sexe","TABLIGBO","Total","Nombre","2022","37182"
"Population résidente par découpage administratif et par sexe","KOUVE","Total","Nombre","2022","21986"
"Population résidente par découpage administratif et par sexe","AMOUSSIME","Total","Nombre","2022","12720"
"Population résidente par découpage administratif et par sexe","KINI-KONDJI","Total","Nombre","2022","5465"
"Population résidente par découpage administratif et par sexe","YOTO 2","Total","Nombre","2022","43412"
"Population résidente par découpage administratif et par sexe","AHEPE","Total","Nombre","2022","18138"
"Population résidente par découpage administratif et par sexe","TCHEKPO","Total","Nombre","2022","14591"
"Population résidente par découpage administratif et par sexe","ZAFI","Total","Nombre","2022","10683"
"Population résidente par découpage administratif et par sexe","YOTO 3","Total","Nombre","2022","54086"
"Population résidente par découpage administratif et par sexe","TOKPLI","Total","Nombre","2022","13998"
"Population résidente par découpage administratif et par sexe","GBOTO","Total","Nombre","2022","13168"
"Population résidente par découpage administratif et par sexe","TOMETY-KONDJI","Total","Nombre","2022","9068"
"Population résidente par découpage administratif et par sexe","SEDOME","Total","Nombre","2022","9955"
"Population résidente par découpage administratif et par sexe","ESSE-GODJIN","Total","Nombre","2022","7897"
"Population résidente par découpage administratif et par sexe","BAS-MONO","Total","Nombre","2022","94860"
"Population résidente par découpage administratif et par sexe","BAS-MONO 1","Total","Nombre","2022","55382"
"Population résidente par découpage administratif et par sexe","AFAGNAGAN","Total","Nombre","2022","19478"
"Population résidente par découpage administratif et par sexe","AFAGNAN","Total","Nombre","2022","15929"
"Population résidente par découpage administratif et par sexe","AGOME-GLOZOU","Total","Nombre","2022","7254"
"Population résidente par découpage administratif et par sexe","KPETSOU","Total","Nombre","2022","12721"
"Population résidente par découpage administratif et par sexe","BAS-MONO 2","Total","Nombre","2022","39478"
"Population résidente par découpage administratif et par sexe","ATTITOGON","Total","Nombre","2022","31288"
"Population résidente par découpage administratif et par sexe","AGBETIKO","Total","Nombre","2022","4087"
"Population résidente par découpage administratif et par sexe","HOMPOU","Total","Nombre","2022","4103"
"Population résidente par découpage administratif et par sexe","LACS","Total","Nombre","2022","241247"
"Population résidente par découpage administratif et par sexe","LACS 1","Total","Nombre","2022","52994"
"Population résidente par découpage administratif et par sexe","ANEHO","Total","Nombre","2022","28237"
"Population résidente par découpage administratif et par sexe","GLIDJI","Total","Nombre","2022","24757"
"Population résidente par découpage administratif et par sexe","LACS 2","Total","Nombre","2022","42855"
"Population résidente par découpage administratif et par sexe","AKLAKOU","Total","Nombre","2022","31030"
"Population résidente par découpage administratif et par sexe","AGOUEGAN","Total","Nombre","2022","11825"
"Population résidente par découpage administratif et par sexe","LACS 3","Total","Nombre","2022","108176"
"Population résidente par découpage administratif et par sexe","AGBODRAFO","Total","Nombre","2022","35262"
"Population résidente par découpage administratif et par sexe","GBODJOME","Total","Nombre","2022","72914"
"Population résidente par découpage administratif et par sexe","LACS 4","Total","Nombre","2022","37222"
"Population résidente par découpage administratif et par sexe","ANFOIN","Total","Nombre","2022","17172"
"Population résidente par découpage administratif et par sexe","GANAVE","Total","Nombre","2022","11062"
"Population résidente par découpage administratif et par sexe","FIATA","Total","Nombre","2022","8988"
"Population résidente par découpage administratif et par sexe","VO","Total","Nombre","2022","224411"
"Population résidente par découpage administratif et par sexe","VO 1","Total","Nombre","2022","88865"
"Population résidente par découpage administratif et par sexe","VOGAN","Total","Nombre","2022","64675"
"Population résidente par découpage administratif et par sexe","VO-KOUTIME","Total","Nombre","2022","24190"
"Population résidente par découpage administratif et par sexe","VO 2","Total","Nombre","2022","24396"
"Population résidente par découpage administratif et par sexe","TOGOVILLE","Total","Nombre","2022","18253"
"Population résidente par découpage administratif et par sexe","ANYRON KOPE","Total","Nombre","2022","6143"
"Population résidente par découpage administratif et par sexe","VO 3","Total","Nombre","2022","64651"
"Population résidente par découpage administratif et par sexe","DZREKPO","Total","Nombre","2022","29687"
"Population résidente par découpage administratif et par sexe","DAGBATI","Total","Nombre","2022","18206"
"Population résidente par découpage administratif et par sexe","MOME-HOUNKPATI","Total","Nombre","2022","16758"
"Population résidente par découpage administratif et par sexe","VO 4","Total","Nombre","2022","46499"
"Population résidente par découpage administratif et par sexe","AKOUMAPE","Total","Nombre","2022","19187"
"Population résidente par découpage administratif et par sexe","SEVAGAN","Total","Nombre","2022","12919"
"Population résidente par découpage administratif et par sexe","HAHOTOE","Total","Nombre","2022","14393"
"Population résidente par découpage administratif et par sexe","TOTOAL AVE","Total","Nombre","2022","111214"
"Population résidente par découpage administratif et par sexe","AVE 1","Total","Nombre","2022","75044"
"Population résidente par découpage administratif et par sexe","KEVE","Total","Nombre","2022","11735"
"Population résidente par découpage administratif et par sexe","DZOLO","Total","Nombre","2022","8101"
"Population résidente par découpage administratif et par sexe","EDZI","Total","Nombre","2022","1832"
"Population résidente par découpage administratif et par sexe","TOVEGAN","Total","Nombre","2022","12732"
"Population résidente par découpage administratif et par sexe","ASSAHOUN/ANDO","Total","Nombre","2022","40644"
"Population résidente par découpage administratif et par sexe","AVE 2","Total","Nombre","2022","36170"
"Population résidente par découpage administratif et par sexe","NOEPE","Total","Nombre","2022","9796"
"Population résidente par découpage administratif et par sexe","BADJA","Total","Nombre","2022","9413"
"Population résidente par découpage administratif et par sexe","AKEPE","Total","Nombre","2022","16961"
"Population résidente par découpage administratif et par sexe","DAGL","Total","Nombre","2022","2188376"
"Population résidente par découpage administratif et par sexe","GOLFE","Total","Nombre","2022","1305681"
"Population résidente par découpage administratif et par sexe","GOLFE 1","Total","Nombre","2022","351550"
"Population résidente par découpage administratif et par sexe","BE","Total","Nombre","2022","10815"
"Population résidente par découpage administratif et par sexe","GBENYEDJI","Total","Nombre","2022","11299"
"Population résidente par découpage administratif et par sexe","WETE","Total","Nombre","2022","11088"
"Population résidente par découpage administratif et par sexe","BE HEDJE","Total","Nombre","2022","11686"
"Population résidente par découpage administratif et par sexe","N'TIFAFA KOME","Total","Nombre","2022","4539"
"Population résidente par découpage administratif et par sexe","BE KPOTA","Total","Nombre","2022","41682"
"Population résidente par découpage administratif et par sexe","ANFAME","Total","Nombre","2022","62588"
"Population résidente par découpage administratif et par sexe","KLOBATEME","Total","Nombre","2022","6852"
"Population résidente par découpage administratif et par sexe","ADAKPAME","Total","Nombre","2022","35094"
"Population résidente par découpage administratif et par sexe","KANYIKOPE","Total","Nombre","2022","26457"
"Population résidente par découpage administratif et par sexe","AKODESSEWA KPONOU","Total","Nombre","2022","14510"
"Population résidente par découpage administratif et par sexe","AKODESSEWA KPOTA","Total","Nombre","2022","11683"
"Population résidente par découpage administratif et par sexe","ZONE PORTUAIRE","Total","Nombre","2022","8205"
"Population résidente par découpage administratif et par sexe","AKODESSEWA","Total","Nombre","2022","6521"
"Population résidente par découpage administratif et par sexe","ABLOGAME","Total","Nombre","2022","8155"
"Population résidente par découpage administratif et par sexe","BE AHLIGO","Total","Nombre","2022","6339"
"Population résidente par découpage administratif et par sexe","KOTOKOU KONDJI","Total","Nombre","2022","4044"
"Population résidente par découpage administratif et par sexe","ANTONIO NETIME","Total","Nombre","2022","1564"
"Population résidente par découpage administratif et par sexe","SOUZA NETIME","Total","Nombre","2022","17147"
"Population résidente par découpage administratif et par sexe","BE KPEHENOU","Total","Nombre","2022","6569"
"Population résidente par découpage administratif et par sexe","BE APEYEME","Total","Nombre","2022","12253"
"Population résidente par découpage administratif et par sexe","KELEGOUGAN1","Total","Nombre","2022","13145"
"Population résidente par découpage administratif et par sexe","ATIEGOU1","Total","Nombre","2022","19315"
"Population résidente par découpage administratif et par sexe","GOLFE 2","Total","Nombre","2022","136153"
"Population résidente par découpage administratif et par sexe","HEDZRANAWOE","Total","Nombre","2022","51637"
"Population résidente par découpage administratif et par sexe","KELEGOUGAN 2","Total","Nombre","2022","14240"
"Population résidente par découpage administratif et par sexe","TOKOIN AEROPORT","Total","Nombre","2022","189"
"Population résidente par découpage administratif et par sexe","TOKOIN N'KAFU","Total","Nombre","2022","11864"
"Population résidente par découpage administratif et par sexe","SAINT JOSEPH","Total","Nombre","2022","5778"
"Population résidente par découpage administratif et par sexe","TOKOIN FOREVER","Total","Nombre","2022","2898"
"Population résidente par découpage administratif et par sexe","TOKOIN TAME","Total","Nombre","2022","4187"
"Population résidente par découpage administratif et par sexe","TOKOIN WUITI","Total","Nombre","2022","18385"
"Population résidente par découpage administratif et par sexe","ATIEGOU 2","Total","Nombre","2022","26975"
"Population résidente par découpage administratif et par sexe","GOLFE 3","Total","Nombre","2022","52769"
"Population résidente par découpage administratif et par sexe","DOUMASSESSE","Total","Nombre","2022","20792"
"Population résidente par découpage administratif et par sexe","UNIVERSITE DE LOME","Total","Nombre","2022","2157"
"Population résidente par découpage administratif et par sexe","RESIDENCE DU BENIN","Total","Nombre","2022","1101"
"Population résidente par découpage administratif et par sexe","LOME II","Total","Nombre","2022","10902"
"Population résidente par découpage administratif et par sexe","GBONVIE","Total","Nombre","2022","6534"
"Population résidente par découpage administratif et par sexe","TOKOIN LYCEE","Total","Nombre","2022","3248"
"Population résidente par découpage administratif et par sexe","TOKOIN ELAVAGNON","Total","Nombre","2022","7273"
"Population résidente par découpage administratif et par sexe","KELEGOUGAN 3","Total","Nombre","2022","762"
"Population résidente par découpage administratif et par sexe","GOLFE 4","Total","Nombre","2022","155842"
"Population résidente par découpage administratif et par sexe","AMOUTIVE","Total","Nombre","2022","5344"
"Population résidente par découpage administratif et par sexe","BASSADJI","Total","Nombre","2022","2230"
"Population résidente par découpage administratif et par sexe","LOM NAVA","Total","Nombre","2022","9413"
"Population résidente par découpage administratif et par sexe","ABOBOKOME","Total","Nombre","2022","1432"
"Population résidente par découpage administratif et par sexe","AGUIAKOME","Total","Nombre","2022","3499"
"Population résidente par découpage administratif et par sexe","BENIGLATO","Total","Nombre","2022","3051"
"Population résidente par découpage administratif et par sexe","ADAWLATO","Total","Nombre","2022","132"
"Population résidente par découpage administratif et par sexe","AGBADAHONOU","Total","Nombre","2022","534"
"Population résidente par découpage administratif et par sexe","KOKETIME","Total","Nombre","2022","642"
"Population résidente par découpage administratif et par sexe","SANGUERA","Total","Nombre","2022","956"
"Population résidente par découpage administratif et par sexe","FREAU JARDIN","Total","Nombre","2022","715"
"Population résidente par découpage administratif et par sexe","WETRIVI KONDJI","Total","Nombre","2022","1376"
"Population résidente par découpage administratif et par sexe","ADOBOUKOME","Total","Nombre","2022","2003"
"Population résidente par découpage administratif et par sexe","QUARTIER ADMINISTRATIF","Total","Nombre","2022","3421"
"Population résidente par découpage administratif et par sexe","KODJOVIAKOPE","Total","Nombre","2022","14848"
"Population résidente par découpage administratif et par sexe","NYEKONAKPOE","Total","Nombre","2022","22100"
"Population résidente par découpage administratif et par sexe","OCTAVIONO NETIME","Total","Nombre","2022","5562"
"Population résidente par découpage administratif et par sexe","HANOUKOPE","Total","Nombre","2022","2806"
"Population résidente par découpage administratif et par sexe","DOULASSAME","Total","Nombre","2022","8328"
"Population résidente par découpage administratif et par sexe","TOKOIN OUEST","Total","Nombre","2022","9451"
"Population résidente par découpage administratif et par sexe","TOKOIN HOPITAL","Total","Nombre","2022","6256"
"Population résidente par découpage administratif et par sexe","TOKOIN GBADAGO","Total","Nombre","2022","11883"
"Population résidente par découpage administratif et par sexe","TOKOIN SOLIDARITE","Total","Nombre","2022","9810"
"Population résidente par découpage administratif et par sexe","DOGBEAVOU","Total","Nombre","2022","10365"
"Population résidente par découpage administratif et par sexe","CASABLANCA","Total","Nombre","2022","1993"
"Population résidente par découpage administratif et par sexe","ABOVE","Total","Nombre","2022","5000"
"Population résidente par découpage administratif et par sexe","AKOSSOMBO","Total","Nombre","2022","3742"
"Population résidente par découpage administratif et par sexe","BE KLIKAME","Total","Nombre","2022","8950"
"Population résidente par découpage administratif et par sexe","GOLFE 5","Total","Nombre","2022","169993"
"Population résidente par découpage administratif et par sexe","AFLAO GAKLI","Total","Nombre","2022","17108"
"Population résidente par découpage administratif et par sexe","AVENOU BATOME","Total","Nombre","2022","4829"
"Population résidente par découpage administratif et par sexe","SOVIEPE","Total","Nombre","2022","11021"
"Population résidente par découpage administratif et par sexe","TOTSI","Total","Nombre","2022","25559"
"Population résidente par découpage administratif et par sexe","AGBALEPEDOGAN","Total","Nombre","2022","22076"
"Population résidente par découpage administratif et par sexe","ANYIGBE","Total","Nombre","2022","6313"
"Population résidente par découpage administratif et par sexe","TESHIE","Total","Nombre","2022","3087"
"Population résidente par découpage administratif et par sexe","AMADAHOME","Total","Nombre","2022","15647"
"Population résidente par découpage administratif et par sexe","APEDOKOE","Total","Nombre","2022","14800"
"Population résidente par découpage administratif et par sexe","WESSOME","Total","Nombre","2022","11547"
"Population résidente par découpage administratif et par sexe","AVEDJI TELESSOU","Total","Nombre","2022","31612"
"Population résidente par découpage administratif et par sexe","ADIDOADIN","Total","Nombre","2022","6394"
"Population résidente par découpage administratif et par sexe","GOLFE 6","Total","Nombre","2022","181561"
"Population résidente par découpage administratif et par sexe","BAGUIDA","Total","Nombre","2022","46017"
"Population résidente par découpage administratif et par sexe","ADAMAVO","Total","Nombre","2022","56103"
"Population résidente par découpage administratif et par sexe","AVEPOZO","Total","Nombre","2022","15685"
"Population résidente par découpage administratif et par sexe","DEVEGO","Total","Nombre","2022","26711"
"Population résidente par découpage administratif et par sexe","AGODEKE","Total","Nombre","2022","19101"
"Population résidente par découpage administratif et par sexe","KPOGAN","Total","Nombre","2022","17944"
"Population résidente par découpage administratif et par sexe","GOLFE 7","Total","Nombre","2022","257813"
"Population résidente par découpage administratif et par sexe","SAGBADO","Total","Nombre","2022","8274"
"Population résidente par découpage administratif et par sexe","AGOTIME","Total","Nombre","2022","6442"
"Population résidente par découpage administratif et par sexe","LOGOTE","Total","Nombre","2022","26035"
"Population résidente par découpage administratif et par sexe","LANKOUVI SAKANI","Total","Nombre","2022","10253"
"Population résidente par découpage administratif et par sexe","AKATO VIEPE","Total","Nombre","2022","13497"
"Population résidente par découpage administratif et par sexe","AKATO AVOEME","Total","Nombre","2022","7336"
"Population résidente par découpage administratif et par sexe","AKATO DEME","Total","Nombre","2022","5146"
"Population résidente par découpage administratif et par sexe","SEGBE DOUANE","Total","Nombre","2022","10154"
"Population résidente par découpage administratif et par sexe","SEGBEGAN","Total","Nombre","2022","4865"
"Population résidente par découpage administratif et par sexe","SAGBADO ZANVI","Total","Nombre","2022","5754"
"Population résidente par découpage administratif et par sexe","KLEME YEWEPE","Total","Nombre","2022","14823"
"Population résidente par découpage administratif et par sexe","KLEME AGOKPANOU","Total","Nombre","2022","13068"
"Population résidente par découpage administratif et par sexe","WOUGOME","Total","Nombre","2022","11509"
"Population résidente par découpage administratif et par sexe","DEKPOR /WOUGOME DEKPOR","Total","Nombre","2022","3648"
"Population résidente par découpage administratif et par sexe","APEDOKOE GBOMAME","Total","Nombre","2022","19660"
"Population résidente par découpage administratif et par sexe","APEDOKOE AGOKPANOU","Total","Nombre","2022","13316"
"Population résidente par découpage administratif et par sexe","SAGBADO ASSIYEYE","Total","Nombre","2022","8195"
"Population résidente par découpage administratif et par sexe","WONYOME","Total","Nombre","2022","4105"
"Population résidente par découpage administratif et par sexe","YOKOE AGBLEGAN","Total","Nombre","2022","23494"
"Population résidente par découpage administratif et par sexe","ABLOGOME","Total","Nombre","2022","4167"
"Population résidente par découpage administratif et par sexe","AWATAME","Total","Nombre","2022","20349"
"Population résidente par découpage administratif et par sexe","GBLENKOMEGAN","Total","Nombre","2022","12769"
"Population résidente par découpage administratif et par sexe","YOKOE KOPEGAN","Total","Nombre","2022","4852"
"Population résidente par découpage administratif et par sexe","LANKOUVI","Total","Nombre","2022","6102"
"Population résidente par découpage administratif et par sexe","AGOE-NYIVE","Total","Nombre","2022","882695"
"Population résidente par découpage administratif et par sexe","AGOE-NYIVE 1","Total","Nombre","2022","317255"
"Population résidente par découpage administratif et par sexe","HOUMBI","Total","Nombre","2022","6410"
"Population résidente par découpage administratif et par sexe","ADOUIKO","Total","Nombre","2022","19470"
"Population résidente par découpage administratif et par sexe","ADJOUGBA","Total","Nombre","2022","4316"
"Population résidente par découpage administratif et par sexe","TOGOME","Total","Nombre","2022","23145"
"Population résidente par découpage administratif et par sexe","KELEGOUGAN DIGBLE","Total","Nombre","2022","6216"
"Population résidente par découpage administratif et par sexe","DJIGBLE","Total","Nombre","2022","11680"
"Population résidente par découpage administratif et par sexe","NYAVIME AVEYIME","Total","Nombre","2022","6259"
"Population résidente par découpage administratif et par sexe","KITIDJAN","Total","Nombre","2022","12957"
"Population résidente par découpage administratif et par sexe","NYIVEME + APELEBUIME","Total","Nombre","2022","4727"
"Population résidente par découpage administratif et par sexe","TOTSI NYIVEME","Total","Nombre","2022","14607"
"Population résidente par découpage administratif et par sexe","TOTSI KPATEFI","Total","Nombre","2022","6826"
"Population résidente par découpage administratif et par sexe","TOTSI KLEVEGBLE","Total","Nombre","2022","4261"
"Population résidente par découpage administratif et par sexe","ANOMEGBLE","Total","Nombre","2022","9152"
"Population résidente par découpage administratif et par sexe","ANOME GBONVE","Total","Nombre","2022","9735"
"Population résidente par découpage administratif et par sexe","TELESSOU ADOKPO KOPE","Total","Nombre","2022","10808"
"Population résidente par découpage administratif et par sexe","LOGOPE KPATEFI","Total","Nombre","2022","14966"
"Population résidente par découpage administratif et par sexe","HOUMBIGBLE","Total","Nombre","2022","4267"
"Population résidente par découpage administratif et par sexe","AHONGAKOPE ASSIYEYE","Total","Nombre","2022","5188"
"Population résidente par découpage administratif et par sexe","KLEVE","Total","Nombre","2022","6081"
"Population résidente par découpage administratif et par sexe","ATSANVE","Total","Nombre","2022","8216"
"Population résidente par découpage administratif et par sexe","DEMAKPOE","Total","Nombre","2022","22858"
"Population résidente par découpage administratif et par sexe","APEGNIGBI","Total","Nombre","2022","7222"
"Population résidente par découpage administratif et par sexe","FIOVI","Total","Nombre","2022","10202"
"Population résidente par découpage administratif et par sexe","LOGOPE ATSANVE","Total","Nombre","2022","5630"
"Population résidente par découpage administratif et par sexe","LOGOPE","Total","Nombre","2022","6101"
"Population résidente par découpage administratif et par sexe","ANOKUI","Total","Nombre","2022","2197"
"Population résidente par découpage administratif et par sexe","ANOKUI NOGO","Total","Nombre","2022","13384"
"Population résidente par découpage administratif et par sexe","SOGBOSSITO","Total","Nombre","2022","11798"
"Population résidente par découpage administratif et par sexe","KOVE APELEBUIME","Total","Nombre","2022","2627"
"Population résidente par découpage administratif et par sexe","SOGBOSSITO AZIALE KOPE","Total","Nombre","2022","1942"
"Population résidente par découpage administratif et par sexe","ANOKUI KOME KOPE","Total","Nombre","2022","1896"
"Population résidente par découpage administratif et par sexe","APELEBUIME","Total","Nombre","2022","847"
"Population résidente par découpage administratif et par sexe","DARA KOPE","Total","Nombre","2022","3818"
"Population résidente par découpage administratif et par sexe","GNAMASSIGAN","Total","Nombre","2022","6893"
"Population résidente par découpage administratif et par sexe","KLEVE APENYIGBE","Total","Nombre","2022","3970"
"Population résidente par découpage administratif et par sexe","KLEVE ASSIYEYE","Total","Nombre","2022","9314"
"Population résidente par découpage administratif et par sexe","KPATEFI ADIDODOKPO","Total","Nombre","2022","2252"
"Population résidente par découpage administratif et par sexe","TELESSOU AGBODEKA KOPE","Total","Nombre","2022","9670"
"Population résidente par découpage administratif et par sexe","AZOGBEGAN","Total","Nombre","2022","5347"
"Population résidente par découpage administratif et par sexe","AGOE-NYIVE 2","Total","Nombre","2022","128164"
"Population résidente par découpage administratif et par sexe","LEGBASSITO","Total","Nombre","2022","13516"
"Population résidente par découpage administratif et par sexe","AGOSSITO","Total","Nombre","2022","2914"
"Population résidente par découpage administratif et par sexe","AHONKPOE","Total","Nombre","2022","16467"
"Population résidente par découpage administratif et par sexe","YOHONOU","Total","Nombre","2022","1577"
"Population résidente par découpage administratif et par sexe","KOVE SIVAGNON KOPE","Total","Nombre","2022","9065"
"Population résidente par découpage administratif et par sexe","KPOKPLOVIME","Total","Nombre","2022","8232"
"Population résidente par découpage administratif et par sexe","DALIME","Total","Nombre","2022","1456"
"Population résidente par découpage administratif et par sexe","DALIKO","Total","Nombre","2022","16109"
"Population résidente par découpage administratif et par sexe","AMEDENTA AKI KOPE","Total","Nombre","2022","3191"
"Population résidente par découpage administratif et par sexe","AMADENTA ANAGLI KOPE","Total","Nombre","2022","2188"
"Population résidente par découpage administratif et par sexe","DOUTHE KOPE","Total","Nombre","2022","2215"
"Population résidente par découpage administratif et par sexe","ASSIKO","Total","Nombre","2022","2268"
"Population résidente par découpage administratif et par sexe","BOKPOKO","Total","Nombre","2022","1289"
"Population résidente par découpage administratif et par sexe","SILIVI KOPE OU ADIDOME","Total","Nombre","2022","4767"
"Population résidente par découpage administratif et par sexe","AVINATO","Total","Nombre","2022","3504"
"Population résidente par découpage administratif et par sexe","ATHIEME AHONKPOE","Total","Nombre","2022","8104"
"Population résidente par découpage administratif et par sexe","ATHIEME","Total","Nombre","2022","8384"
"Population résidente par découpage administratif et par sexe","MADJIKPETO","Total","Nombre","2022","6446"
"Population résidente par découpage administratif et par sexe","ZOVADJIN","Total","Nombre","2022","4555"
"Population résidente par découpage administratif et par sexe","KOVE AHONDJI KOPE","Total","Nombre","2022","11917"
"Population résidente par découpage administratif et par sexe","AGOE-NYIVE 3","Total","Nombre","2022","47554"
"Population résidente par découpage administratif et par sexe","ATSANVE","Total","Nombre","2022","8969"
"Population résidente par découpage administratif et par sexe","AWOUDJA KOPE","Total","Nombre","2022","24218"
"Population résidente par découpage administratif et par sexe","ELAVANYO ATSANVE","Total","Nombre","2022","7707"
"Population résidente par découpage administratif et par sexe","ELAVANYO KLEVE","Total","Nombre","2022","2714"
"Population résidente par découpage administratif et par sexe","HOSSOUKOPE","Total","Nombre","2022","3946"
"Population résidente par découpage administratif et par sexe","AGOE-NYIVE 4","Total","Nombre","2022","154431"
"Population résidente par découpage administratif et par sexe","TOGBLE CENTRE","Total","Nombre","2022","5839"
"Population résidente par découpage administratif et par sexe","FIDOKPUI","Total","Nombre","2022","15097"
"Population résidente par découpage administratif et par sexe","GUENOU KOPE","Total","Nombre","2022","14383"
"Population résidente par découpage administratif et par sexe","DIKAME","Total","Nombre","2022","16203"
"Population résidente par découpage administratif et par sexe","BOKOR KOPE","Total","Nombre","2022","19051"
"Population résidente par découpage administratif et par sexe","KOTOKOLI ZONZO","Total","Nombre","2022","11492"
"Population résidente par découpage administratif et par sexe","HAOUSSA ZONGO","Total","Nombre","2022","12509"
"Population résidente par découpage administratif et par sexe","DJELEDZI","Total","Nombre","2022","16076"
"Population résidente par découpage administratif et par sexe","DEGOME","Total","Nombre","2022","11166"
"Population résidente par découpage administratif et par sexe","AKOIN","Total","Nombre","2022","11373"
"Population résidente par découpage administratif et par sexe","ATSANVE","Total","Nombre","2022","1566"
"Population résidente par découpage administratif et par sexe","AVEYIME","Total","Nombre","2022","889"
"Population résidente par découpage administratif et par sexe","ALINKA","Total","Nombre","2022","7961"
"Population résidente par découpage administratif et par sexe","ALINKA NYIVEMEGBLE","Total","Nombre","2022","4932"
"Population résidente par découpage administratif et par sexe","TOWOUGANOU","Total","Nombre","2022","1997"
"Population résidente par découpage administratif et par sexe","KPEDEVI KOPE","Total","Nombre","2022","3897"
"Population résidente par découpage administratif et par sexe","AGOE-NYIVE 5","Total","Nombre","2022","125097"
"Population résidente par découpage administratif et par sexe","KOHE","Total","Nombre","2022","12626"
"Population résidente par découpage administratif et par sexe","KLEME SANGUERA","Total","Nombre","2022","6085"
"Population résidente par découpage administratif et par sexe","ATIGAN COPE","Total","Nombre","2022","7627"
"Population résidente par découpage administratif et par sexe","DEKPO SANGUERA","Total","Nombre","2022","3803"
"Population résidente par découpage administratif et par sexe","ANYIGBE","Total","Nombre","2022","4799"
"Population résidente par découpage administratif et par sexe","VOGOME","Total","Nombre","2022","5144"
"Population résidente par découpage administratif et par sexe","KOPEGAN","Total","Nombre","2022","5346"
"Population résidente par découpage administratif et par sexe","AGBLELIKO","Total","Nombre","2022","2736"
"Population résidente par découpage administratif et par sexe","AFIADEGNIGBA","Total","Nombre","2022","4257"
"Population résidente par découpage administratif et par sexe","KLIKAME","Total","Nombre","2022","5287"
"Population résidente par découpage administratif et par sexe","DANGBESSITO","Total","Nombre","2022","8307"
"Population résidente par découpage administratif et par sexe","TAGA KOPE","Total","Nombre","2022","5046"
"Population résidente par découpage administratif et par sexe","SANYRAKO","Total","Nombre","2022","10285"
"Population résidente par découpage administratif et par sexe","EZION KOPE","Total","Nombre","2022","2065"
"Population résidente par découpage administratif et par sexe","ZOPOMAHE","Total","Nombre","2022","12497"
"Population résidente par découpage administratif et par sexe","NANEGBE","Total","Nombre","2022","8238"
"Population résidente par découpage administratif et par sexe","NANEGBE ZOSSIME","Total","Nombre","2022","7388"
"Population résidente par découpage administratif et par sexe","TSROKPOSSIME","Total","Nombre","2022","6798"
"Population résidente par découpage administratif et par sexe","ASSIGOME","Total","Nombre","2022","2500"
"Population résidente par découpage administratif et par sexe","LOGOGOME","Total","Nombre","2022","4263"
"Population résidente par découpage administratif et par sexe","AGOE-NYIVE 6","Total","Nombre","2022","110194"
"Population résidente par découpage administratif et par sexe","ADETIKOPE-CENTRE","Total","Nombre","2022","18033"
"Population résidente par découpage administratif et par sexe","AGNAVE","Total","Nombre","2022","7312"
"Population résidente par découpage administratif et par sexe","DEVIME","Total","Nombre","2022","10545"
"Population résidente par découpage administratif et par sexe","DZOVE","Total","Nombre","2022","6202"
"Population résidente par découpage administratif et par sexe","ADOGLOVE","Total","Nombre","2022","4303"
"Population résidente par découpage administratif et par sexe","LOMENYO KOPE","Total","Nombre","2022","4195"
"Population résidente par découpage administratif et par sexe","KPOKPOME-AGUTE","Total","Nombre","2022","27993"
"Population résidente par découpage administratif et par sexe","AGOTIME","Total","Nombre","2022","3824"
"Population résidente par découpage administratif et par sexe","KLADJEME","Total","Nombre","2022","8624"
"Population résidente par découpage administratif et par sexe","KPOTAVE","Total","Nombre","2022","11064"
"Population résidente par découpage administratif et par sexe","TONOUKOUTI","Total","Nombre","2022","4862"
"Population résidente par découpage administratif et par sexe","TSIKPLONOU-KONDJI","Total","Nombre","2022","3237"
