canton_key,prefecture_key,prefecture,region,canton,commune,agents_mm,etab_financiers,banques,lat,lon,profil
AGOE-NYIVE | ADETIKOPE,AGOE-NYIVE,Agoè-Nyivé,Grand Lomé,Adétikopé,Agoè-Nyivé 6,297,7,1,6.321852676964646,1.2197758269372723,Mobile money + établissements
AGOE-NYIVE | AGOE-NYIVE,AGOE-NYIVE,Agoè-Nyivé,Grand Lomé,Agoè-Nyivé,Agoè-Nyivé 1,446,33,5,6.2339668521775575,1.1880185895995943,Mobile money + établissements
AGOE-NYIVE | LEGBASSITO,AGOE-NYIVE,Agoè-Nyivé,Grand Lomé,Légbassito,Agoè-Nyivé 2,37,6,0,6.262832965778632,1.1487063440809673,Mobile money + établissements
AGOE-NYIVE | SANGUERA,AGOE-NYIVE,Agoè-Nyivé,Grand Lomé,Sanguera,Agoè-Nyivé 5,97,5,0,6.233193421237832,1.1332741556100412,Mobile money + établissements
AGOE-NYIVE | TOGBLEKOPE,AGOE-NYIVE,Agoè-Nyivé,Grand Lomé,Togblekope,Agoè-Nyivé 4,258,4,2,6.265130054856654,1.2139972465886402,Mobile money + établissements
AGOE-NYIVE | VAKPOSSITO,AGOE-NYIVE,Agoè-Nyivé,Grand Lomé,Vakpossito,Agoè-Nyivé 3,263,7,1,6.217797316596269,1.1664325790177583,Mobile money + établissements
AGOU | AGOTIME-NORD,AGOU,Agou,Plateaux,Agotimé-Nord,Agou 2,4,0,0,6.718001755911722,0.6633927257744908,Mobile money uniquement
AGOU | AGOTIME-SUD (ADZAKPA),AGOU,Agou,Plateaux,Agotimé-Sud (Adzakpa),Agou 2,1,0,0,6.64028433703796,0.8146708397654356,Mobile money uniquement
AGOU | AGOU-AKPLOLO,AGOU,Agou,Plateaux,Agou-Akplolo,Agou 1,12,0,0,6.889409266858649,0.7708994794340739,Mobile money uniquement
AGOU | AGOU-ATIGBE,AGOU,Agou,Plateaux,Agou-Atigbé,Agou 1,1,0,0,6.8235121119449476,0.7072763605241267,Mobile money uniquement
AGOU | AGOU-IBOE,AGOU,Agou,Plateaux,Agou-Iboé,Agou 1,2,0,0,6.870784295719874,0.7845158304157358,Mobile money uniquement
AGOU | AGOU-KEBO,AGOU,Agou,Plateaux,Agou-Kébo,Agou 1,2,0,0,6.86090187049933,0.7461921704526263,Mobile money uniquement
AGOU | AGOU-NYOGBO-AGBETIKO,AGOU,Agou,Plateaux,Agou-Nyogbo-Agbétiko,Agou 1,23,0,0,6.898455425955884,0.7311627133051495,Mobile money uniquement
AGOU | AGOU-NYOGBO-DZIDJOLE,AGOU,Agou,Plateaux,Agou-Nyogbo-Dzidjole,Agou 1,17,0,0,6.878619252705318,0.7239543381600828,Mobile money uniquement
AGOU | AGOU-TAVIE,AGOU,Agou,Plateaux,Agou-Tavié,Agou 1,47,3,1,6.843756433561565,0.712703882135615,Mobile money + établissements
AGOU | AMOUSSOU-KOPE,AGOU,Agou,Plateaux,Amoussou-Kopé,Agou 2,45,0,0,6.67895839615859,0.8423259021828923,Mobile money uniquement
AGOU | ASSAHOUN-FIAGBE,AGOU,Agou,Plateaux,Assahoun-Fiagbé,Agou 1,1,0,0,6.795067806406557,0.7052592085053658,Mobile money uniquement
AGOU | GADJA,AGOU,Agou,Plateaux,Gadja,Agou 1,57,2,0,6.805310536114453,0.7974648417602371,Mobile money + établissements
AGOU | KATI,AGOU,Agou,Plateaux,Kati,Agou 1,12,1,0,6.890494189061301,0.8488771497263392,Mobile money + établissements
AKEBOU | DJON,AKEBOU,Akébou,Plateaux,Djon,Akébou 1,8,0,0,7.735931571436469,0.7889174339995884,Mobile money uniquement
AKEBOU | GBENDE,AKEBOU,Akébou,Plateaux,Gbendè,Akébou 1,2,0,0,7.73536,0.6772116666666667,Mobile money uniquement
AKEBOU | KAMINA-AKEBOU,AKEBOU,Akébou,Plateaux,Kamina-Akébou,Akébou 2,17,0,0,7.92436021410028,0.8560371149493526,Mobile money uniquement
AKEBOU | KOUGNOHOU,AKEBOU,Akébou,Plateaux,Kougnohou,Akébou 1,43,1,0,7.654095474016097,0.7897406625913477,Mobile money + établissements
AKEBOU | KPALAVE,AKEBOU,Akébou,Plateaux,Kpalavé,Akébou 2,2,0,0,7.851515833333332,0.8525366666666667,Mobile money uniquement
AKEBOU | SEREGBENE,AKEBOU,Akébou,Plateaux,Sérégbénè,Akébou 2,5,0,0,7.845137333333332,0.7482343333333333,Mobile money uniquement
AKEBOU | VEH,AKEBOU,Akébou,Plateaux,Veh,Akébou 1,4,0,0,7.664057925723699,0.7137768391412953,Mobile money uniquement
AKEBOU | YALLA,AKEBOU,Akébou,Plateaux,Yalla,Akébou 1,6,0,0,7.814819444444445,0.6742480555555556,Mobile money uniquement
AMOU | ADIVA,AMOU,Amou,Plateaux,Adiva,Amou 1,4,0,0,7.5128159007374595,1.022575325680086,Mobile money uniquement
AMOU | AMLAME (OUMA),AMOU,Amou,Plateaux,Amlamé (Ouma),Amou 1,32,1,0,7.4611182096221516,0.9073264287262208,Mobile money + établissements
AMOU | AMOU-OBLO,AMOU,Amou,Plateaux,Amou-Oblo,Amou 2,18,4,0,7.387343747073913,0.8676375846229833,Mobile money + établissements
AMOU | EKPEGNON,AMOU,Amou,Plateaux,Ekpégnon,Amou 2,1,0,0,7.252346112053424,1.023603153129945,Mobile money uniquement
AMOU | EVOU,AMOU,Amou,Plateaux,Evou,Amou 3,28,0,0,7.523587537151839,1.0499129182638627,Mobile money uniquement
AMOU | HIHEATRO,AMOU,Amou,Plateaux,Hihéatro,Amou 3,28,0,0,7.542326198128173,1.1023114259960445,Mobile money uniquement
AMOU | IMLE-ADIVA,AMOU,Amou,Plateaux,Imlè-Adiva,Amou 1,7,0,0,7.501719042087319,0.9799339263034519,Mobile money uniquement
AMOU | KPATEGAN,AMOU,Amou,Plateaux,Kpatégan,Amou 2,7,0,0,7.330520716073781,1.0495338716234894,Mobile money uniquement
AMOU | OTADI,AMOU,Amou,Plateaux,Otadi,Amou 3,15,0,0,7.66572188054117,0.9931806357215038,Mobile money uniquement
AMOU | SODO,AMOU,Amou,Plateaux,Sodo,Amou 2,5,0,0,7.303108461568959,0.8489888917074937,Mobile money uniquement
AMOU | TEMEDJA,AMOU,Amou,Plateaux,Témédja,Amou 3,30,1,0,7.521712682408089,1.0705575391977438,Mobile money + établissements
ANIE | ADOGBENOU,ANIE,Anié,Plateaux,Adogbénou,Anié 2,29,1,0,7.739224519568431,1.4367713664061237,Mobile money + établissements
ANIE | ANIE,ANIE,Anié,Plateaux,Anié,Anié 1,208,9,4,7.764405385891398,1.1944981264238284,Mobile money + établissements
ANIE | ATCHINEDJI,ANIE,Anié,Plateaux,Atchinédji,Anié 2,10,0,0,7.683276333333334,1.4098526666666666,Mobile money uniquement
ANIE | GLITTO,ANIE,Anié,Plateaux,Glitto,Anié 2,9,0,0,7.600405555555556,1.5122192592592592,Mobile money uniquement
ANIE | KOLO-KOPE,ANIE,Anié,Plateaux,Kolo-Kopé,Anié 1,12,0,0,7.797377707835135,1.2893818431215778,Mobile money uniquement
ANIE | PALLAKOKO,ANIE,Anié,Plateaux,Pallakoko,Anié 1,17,0,0,7.8796529991791395,1.0813769247534177,Mobile money uniquement
ASSOLI | ALEDJO,ASSOLI,Assoli,Kara,Alédjo,Assoli 2,18,0,0,9.275263477629814,1.2257027231371758,Mobile money uniquement
ASSOLI | BAFILO,ASSOLI,Assoli,Kara,Bafilo,Assoli 1,153,7,2,9.354947233942598,1.2478614948167923,Mobile money + établissements
ASSOLI | BOULADE,ASSOLI,Assoli,Kara,Bouladè,Assoli 1,7,0,0,9.40480419532284,1.2266805897612296,Mobile money uniquement
ASSOLI | DAKO (DAOUDE),ASSOLI,Assoli,Kara,Dako (Daoude),Assoli 1,9,0,0,9.323258788144905,1.0656618169804375,Mobile money uniquement
ASSOLI | KOUMONDE,ASSOLI,Assoli,Kara,Koumondè,Assoli 2,13,0,0,9.305597051315692,1.23794902125585,Mobile money uniquement
ASSOLI | SOUDOU,ASSOLI,Assoli,Kara,Soudou,Assoli 3,28,0,0,9.369080804516798,1.3432113168677007,Mobile money uniquement
AVE | AKEPE,AVE,Avé,Maritime,Aképé,Avé 2,22,2,0,6.245316609954679,1.0698295555392578,Mobile money + établissements
AVE | ANDO,AVE,Avé,Maritime,Ando,Avé 1,5,0,0,6.477953069202788,0.8106759828472277,Mobile money uniquement
AVE | ASSAHOUN,AVE,Avé,Maritime,Assahoun,Avé 1,43,5,2,6.4545621828026665,0.9097025885900033,Mobile money + établissements
AVE | BADJA,AVE,Avé,Maritime,Badja,Avé 2,10,1,0,6.387323423716817,1.0153633109388671,Mobile money + établissements
AVE | EDZI,AVE,Avé,Maritime,Edzi,Avé 1,1,0,0,6.384941666666666,0.87036,Mobile money uniquement
AVE | KEVE,AVE,Avé,Maritime,Kévé,Avé 1,11,3,1,6.4522527485821115,0.9460418105351792,Mobile money + établissements
AVE | NOEPE,AVE,Avé,Maritime,Noépé,Avé 2,17,0,0,6.2618748675691345,1.0375902848662821,Mobile money uniquement
AVE | TOVEGAN,AVE,Avé,Maritime,Tovégan,Avé 1,9,1,0,6.605150780466908,0.8914639222001721,Mobile money + établissements
AVE | ZOLO,AVE,Avé,Maritime,Zolo,Avé 1,10,1,0,6.390509833333334,0.9054040000000001,Mobile money + établissements
BAS-MONO | AFAGNAN-GBLETA,BAS-MONO,Bas-Mono,Maritime,Afagnan-Gbléta,Bas-Mono 1,42,1,0,6.497100256660339,1.6151809905550472,Mobile money + établissements
BAS-MONO | AFAGNANGAN,BAS-MONO,Bas-Mono,Maritime,Afagnangan,Bas-Mono 1,88,2,0,6.495725944189801,1.6340187949519134,Mobile money + établissements
BAS-MONO | AGBETIKO,BAS-MONO,Bas-Mono,Maritime,Agbétiko,Bas-Mono 2,4,0,0,6.476281450371218,1.7294404213903036,Mobile money uniquement
BAS-MONO | AGOME-GLOZOU,BAS-MONO,Bas-Mono,Maritime,Agome-Glozou,Bas-Mono 2,6,0,0,6.555138058581188,1.6636485978079667,Mobile money uniquement
BAS-MONO | ATTITOGON,BAS-MONO,Bas-Mono,Maritime,Attitogon,Bas-Mono 2,23,1,0,6.429381706510927,1.6593517724476632,Mobile money + établissements
BAS-MONO | HOMPOU,BAS-MONO,Bas-Mono,Maritime,Hompou,Bas-Mono 2,1,0,0,6.435569999999999,1.7025066666666664,Mobile money uniquement
BAS-MONO | KPETSOU,BAS-MONO,Bas-Mono,Maritime,Kpétsou,Bas-Mono 1,19,0,0,6.52928127527754,1.5758866388533057,Mobile money uniquement
BASSAR | BAGHAN,BASSAR,Bassar,Kara,Baghan,Bassar 1,9,0,0,9.0658,0.6608807407407408,Mobile money uniquement
BASSAR | BANGELI,BASSAR,Bassar,Kara,Bangeli,Bassar 2,40,2,1,9.42269849209395,0.6307733556972828,Mobile money + établissements
BASSAR | BASSAR,BASSAR,Bassar,Kara,Bassar,Bassar 1,257,9,4,9.259956668488362,0.7844920274263091,Mobile money + établissements
BASSAR | BITCHABE,BASSAR,Bassar,Kara,Bitchabe,Bassar 2,4,0,0,9.317571539563392,0.5804862700029515,Mobile money uniquement
BASSAR | DIMORI,BASSAR,Bassar,Kara,Dimori,Bassar 2,10,0,0,9.179001333333334,0.5880601666666666,Mobile money uniquement
BASSAR | KABOU,BASSAR,Bassar,Kara,Kabou,Bassar 3,70,3,1,9.46002351161774,0.8149453417068053,Mobile money + établissements
BASSAR | KALANGA,BASSAR,Bassar,Kara,Kalanga,Bassar 1,7,0,0,9.275561114052692,0.6809932493201639,Mobile money uniquement
BASSAR | MANGA,BASSAR,Bassar,Kara,Manga,Bassar 3,10,0,0,9.557877341301237,0.7043079822773926,Mobile money uniquement
BASSAR | SANDA-AFOHOU,BASSAR,Bassar,Kara,Sanda-Afohou,Bassar 4,12,0,0,9.4831947109757,0.9419449271356942,Mobile money uniquement
BASSAR | SANDA-KAGBANDA,BASSAR,Bassar,Kara,Sanda-Kagbanda,Bassar 4,17,0,0,9.487535740001874,0.8976772658997341,Mobile money uniquement
BINAH | BOUFALE,BINAH,Binah,Kara,Boufalé,Binah 1,12,0,0,9.839788920768553,1.3506727875978628,Mobile money uniquement
BINAH | KEMERIDA,BINAH,Binah,Kara,Kémérida,Binah 2,9,0,0,9.667703460385733,1.3565287538000492,Mobile money uniquement
BINAH | KETAO,BINAH,Binah,Kara,Kétao,Binah 2,99,7,3,9.659132398414597,1.3098780768364262,Mobile money + établissements
BINAH | LAMA-DESSI,BINAH,Binah,Kara,Lama-Dessi,Binah 1,12,0,0,9.719932905762809,1.2714007367913405,Mobile money uniquement
BINAH | PAGOUDA,BINAH,Binah,Kara,Pagouda,Binah 1,47,2,1,9.745842119218443,1.3225498883586746,Mobile money + établissements
BINAH | PESSARE,BINAH,Binah,Kara,Pessaré,Binah 1,7,0,0,9.796120308362175,1.245372788532285,Mobile money uniquement
BINAH | PITIKITA,BINAH,Binah,Kara,Pitikita,Binah 1,2,0,0,9.77205752428699,1.2277307939850313,Mobile money uniquement
BINAH | SIRKA,BINAH,Binah,Kara,Sirka,Binah 2,12,0,0,9.553136142924176,1.3308865891731836,Mobile money uniquement
BINAH | SOLLA,BINAH,Binah,Kara,Solla,Binah 1,12,0,0,9.890197543996882,1.3485703986740052,Mobile money uniquement
BLITTA | AGBANDI,BLITTA,Blitta,Centrale,Agbandi,Blitta 2,5,2,0,8.22675558972363,1.1279542722146512,Mobile money + établissements
BLITTA | ATCHINTSE,BLITTA,Blitta,Centrale,Atchintsè,Blitta 3,1,0,0,8.003865,0.6592516666666667,Mobile money uniquement
BLITTA | BLITTA,BLITTA,Blitta,Centrale,Blitta,Blitta 1,8,4,2,8.32349259055529,0.9816444539440957,Mobile money + établissements
BLITTA | BLITTA-VILLAGE,BLITTA,Blitta,Centrale,Blitta-Village,Blitta 1,13,0,0,8.34493543446148,1.008931007974125,Mobile money uniquement
BLITTA | M'POTI,BLITTA,Blitta,Centrale,M'Poti,Blitta 3,3,0,0,8.21831746857655,0.8095966095518746,Mobile money uniquement
BLITTA | PAGALA-GARE,BLITTA,Blitta,Centrale,Pagala-Gare,Blitta 1,17,4,1,8.179077263725834,0.9709377714437546,Mobile money + établissements
BLITTA | TCHALOUDE,BLITTA,Blitta,Centrale,Tchaloudè,Blitta 1,10,0,0,8.260980966662608,1.1167440047979993,Mobile money uniquement
BLITTA | TCHARE-BAOU,BLITTA,Blitta,Centrale,Tcharè-Baou,Blitta 2,4,0,0,8.022027697499087,1.0296411552200768,Mobile money uniquement
BLITTA | WARAGNI,BLITTA,Blitta,Centrale,Waragni,Blitta 1,7,0,0,8.269826666666667,1.034267619047619,Mobile money uniquement
BLITTA | WELLY,BLITTA,Blitta,Centrale,Welly,Blitta 3,2,0,0,8.077107141119374,0.87558827294796,Mobile money uniquement
BLITTA | YALOUMBE,BLITTA,Blitta,Centrale,Yaloumbè,Blitta 1,20,0,0,8.301532916666666,1.0816442499999999,Mobile money uniquement
CINKASSE | BIANKOURI,CINKASSE,Cinkassé,Savanes,Biankouri,Cinkassé 2,16,0,0,11.022470283895128,0.049949962323872256,Mobile money uniquement
CINKASSE | BOADE,CINKASSE,Cinkassé,Savanes,Boadé,Cinkassé 1,3,0,0,11.117906305534403,-0.04878725876164803,Mobile money uniquement
CINKASSE | CINKASSE,CINKASSE,Cinkassé,Savanes,Cinkassé,Cinkassé 1,462,14,8,11.101168445053702,0.020041790915274756,Mobile money + établissements
CINKASSE | GOULOUNGOUSSI,CINKASSE,Cinkassé,Savanes,Gouloungoussi,Cinkassé 1,2,0,0,11.117691666666667,-0.103475,Mobile money uniquement
CINKASSE | NADJOUNDI,CINKASSE,Cinkassé,Savanes,Nadjoundi,Cinkassé 2,17,0,0,11.014686657744507,0.18707875543323538,Mobile money uniquement
CINKASSE | SAM-NABA,CINKASSE,Cinkassé,Savanes,Sam-Naba,Cinkassé 2,20,1,0,11.064445944316542,0.14580313197947706,Mobile money + établissements
CINKASSE | TIMBOU,CINKASSE,Cinkassé,Savanes,Timbou,Cinkassé 2,23,1,0,11.032882278681301,0.11608640739698857,Mobile money + établissements
DANKPEN | BAPURE,DANKPEN,Dankpen,Kara,Bapuré,Dankpen 3,20,0,0,9.526958975927032,0.5957034965288013,Mobile money uniquement
DANKPEN | GUERIN-KOUKA,DANKPEN,Dankpen,Kara,Guérin-Kouka,Dankpen 1,96,6,2,9.692603155359384,0.607657289652028,Mobile money + établissements
DANKPEN | KATCHAMBA,DANKPEN,Dankpen,Kara,Katchamba,Dankpen 1,7,0,0,9.899716047216023,0.508731483420459,Mobile money uniquement
DANKPEN | KIDJABOU,DANKPEN,Dankpen,Kara,Kidjabou,Dankpen 3,7,0,0,9.778020419933894,0.4710817096672489,Mobile money uniquement
DANKPEN | KOULFEIKOU,DANKPEN,Dankpen,Kara,Koulféikou,Dankpen 1,11,0,0,9.961602051727793,0.40413580596875137,Mobile money uniquement
DANKPEN | KOUTCHITCHEOU,DANKPEN,Dankpen,Kara,Koutchitchéou,Dankpen 2,8,0,0,9.61251559676052,0.7496467786464202,Mobile money uniquement
DANKPEN | NAMON,DANKPEN,Dankpen,Kara,Namon,Dankpen 2,10,0,0,9.724811640513948,0.814560499968524,Mobile money uniquement
DANKPEN | NANDOUTA,DANKPEN,Dankpen,Kara,Nandouta,Dankpen 3,5,0,0,9.55521199557837,0.3748852496200456,Mobile money uniquement
DANKPEN | NAOMPOCH,DANKPEN,Dankpen,Kara,Naompoch,Dankpen 1,8,0,0,9.811929451619415,0.62771586765928,Mobile money uniquement
DANKPEN | NATCHIBORE,DANKPEN,Dankpen,Kara,Natchiboré,Dankpen 2,6,0,0,9.805897508561065,0.8015805619087882,Mobile money uniquement
DANKPEN | NATCHITIKPI,DANKPEN,Dankpen,Kara,Natchitikpi,Dankpen 2,7,0,0,9.688877105958715,0.7436459372320051,Mobile money uniquement
DANKPEN | NAWARE,DANKPEN,Dankpen,Kara,Nawaré,Dankpen 3,5,0,0,9.610367666666667,0.6311436666666667,Mobile money uniquement
DANYI | AHLON,DANYI,Danyi,Plateaux,Ahlon,Danyi 2,10,0,0,7.299954495266054,0.6622154587632626,Mobile money uniquement
DANYI | DANYI-ATIGBA,DANYI,Danyi,Plateaux,Danyi-Atigba,Danyi 1,75,2,0,7.224221625822252,0.6949238620036308,Mobile money + établissements
DANYI | DANYI-ELAVAGNON,DANYI,Danyi,Plateaux,Danyi-Elavagnon,Danyi 2,27,1,0,7.291343954490683,0.7134320389759963,Mobile money + établissements
DANYI | DANYI-KAKPA,DANYI,Danyi,Plateaux,Danyi-Kakpa,Danyi 1,22,0,0,7.144370300821788,0.6522160657948187,Mobile money uniquement
DANYI | DANYI-KPETO-EVITA,DANYI,Danyi,Plateaux,Danyi-Kpeto-Evita,Danyi 2,6,0,0,7.261703783477421,0.7317692021654159,Mobile money uniquement
DANYI | YIKPA,DANYI,Danyi,Plateaux,Yikpa,Danyi 1,2,0,0,7.137628245910592,0.6141849578617808,Mobile money uniquement
DOUFELGOU | AGBANDE-YAKA,DOUFELGOU,Doufelgou,Kara,Agbandè-Yaka,Doufelgou 1,4,0,0,9.74069901029497,1.1036262552046134,Mobile money uniquement
DOUFELGOU | ALLOUM,DOUFELGOU,Doufelgou,Kara,Alloum,Doufelgou 3,15,3,0,9.739431462694446,0.9231444445049773,Mobile money + établissements
DOUFELGOU | BAGA,DOUFELGOU,Doufelgou,Kara,Baga,Doufelgou 1,11,0,0,9.794307623262721,1.1017570081459989,Mobile money uniquement
DOUFELGOU | DEFALE,DOUFELGOU,Doufelgou,Kara,Défalé,Doufelgou 2,27,1,0,9.86936117316388,1.091320725164319,Mobile money + établissements
DOUFELGOU | KADJALLA,DOUFELGOU,Doufelgou,Kara,Kadjalla,Doufelgou 3,15,0,0,9.804010555555555,0.9446608888888889,Mobile money uniquement
DOUFELGOU | KOKA,DOUFELGOU,Doufelgou,Kara,Koka,Doufelgou 1,6,0,0,9.781429695509813,1.1578492431551117,Mobile money uniquement
DOUFELGOU | KPAHA,DOUFELGOU,Doufelgou,Kara,Kpaha,Doufelgou 2,3,0,0,9.881848016168137,1.1222418648571686,Mobile money uniquement
DOUFELGOU | LEON,DOUFELGOU,Doufelgou,Kara,Léon,Doufelgou 3,7,0,0,9.692839023501522,0.930321855085644,Mobile money uniquement
DOUFELGOU | NIAMTOUGOU,DOUFELGOU,Doufelgou,Kara,Niamtougou,Doufelgou 1,65,5,2,9.761548192845332,1.108422436064333,Mobile money + établissements
DOUFELGOU | SIOU,DOUFELGOU,Doufelgou,Kara,Siou,Doufelgou 1,25,1,0,9.816986462025099,1.1977875030257679,Mobile money + établissements
DOUFELGOU | TCHORE,DOUFELGOU,Doufelgou,Kara,Tchoré,Doufelgou 3,3,0,0,9.847118350357748,1.0232245782478067,Mobile money uniquement
DOUFELGOU | TENEGA,DOUFELGOU,Doufelgou,Kara,Ténéga,Doufelgou 1,3,0,0,9.815697539456275,1.1361381305654767,Mobile money uniquement
EST-MONO | BADIN-COPE,EST-MONO,Est-Mono,Plateaux,Badin-Copé,Est-Mono 2,30,0,0,8.210209569465569,1.5492748228576825,Mobile money uniquement
EST-MONO | ELAVAGNON,EST-MONO,Est-Mono,Plateaux,Elavagnon,Est-Mono 1,54,1,0,7.952530863963001,1.330912111264126,Mobile money + établissements
EST-MONO | GBADJAHE,EST-MONO,Est-Mono,Plateaux,Gbadjahè,Est-Mono 1,15,0,0,7.855656010675348,1.31387276444572,Mobile money uniquement
EST-MONO | KAMINA,EST-MONO,Est-Mono,Plateaux,Kamina,Est-Mono 2,18,0,0,8.06888595214642,1.5587653315823298,Mobile money uniquement
EST-MONO | KPESSI,EST-MONO,Est-Mono,Plateaux,Kpéssi,Est-Mono 3,6,0,0,8.067055313004799,1.26980948362184,Mobile money uniquement
EST-MONO | MORETAN,EST-MONO,Est-Mono,Plateaux,Morétan,Est-Mono 2,51,1,0,8.132290685788872,1.3510984175233491,Mobile money + établissements
EST-MONO | NYAMASSILA,EST-MONO,Est-Mono,Plateaux,Nyamassila,Est-Mono 3,35,1,0,7.984327439920493,1.1917808319999799,Mobile money + établissements
GOLFE | AFLAO-GAKLI,GOLFE,Golfe,Grand Lomé,Aflao-Gakli,Golfe 5,1062,57,20,6.1924870202952205,1.182104437471036,Mobile money + établissements
GOLFE | AFLAO-SAGBADO,GOLFE,Golfe,Grand Lomé,Aflao-Sagbado,Golfe 7,777,12,0,6.185087414277221,1.1366115492280429,Mobile money + établissements
GOLFE | AMOUTIVE,GOLFE,Golfe,Grand Lomé,Amoutivé,Golfe 4,809,20,8,6.133095799882235,1.2142359400563596,Mobile money + établissements
GOLFE | BAGUIDA,GOLFE,Golfe,Grand Lomé,Baguida,Golfe 6,482,23,10,6.177674238652474,1.3335468431564477,Mobile money + établissements
GOLFE | BE-CENTRE,GOLFE,Golfe,Grand Lomé,Bè-Centre,Golfe 2,454,7,5,6.181196962055237,1.2454163174926585,Mobile money + établissements
GOLFE | BE-EST,GOLFE,Golfe,Grand Lomé,Bè-Est,Golfe 1,1256,53,23,6.164469441092654,1.2620681707746855,Mobile money + établissements
GOLFE | BE-OUEST,GOLFE,Golfe,Grand Lomé,Bè-Ouest,Golfe 3,281,32,13,6.159199031644255,1.2162443778098986,Mobile money + établissements
HAHO | AKPAKPAKPE,HAHO,Haho,Plateaux,Akpakpakpé,Haho 4,13,0,0,7.094184487179486,1.0736557692307693,Mobile money uniquement
HAHO | ASRAMA,HAHO,Haho,Plateaux,Asrama,Haho 2,32,2,0,7.0092381848396865,1.4141643205920191,Mobile money + établissements
HAHO | ATCHAVE,HAHO,Haho,Plateaux,Atchavé,Haho 1,26,1,0,6.8681684805927,1.2025232933412802,Mobile money + établissements
HAHO | DALIA,HAHO,Haho,Plateaux,Dalia,Haho 1,27,0,0,6.8142503473230525,1.2406053654534812,Mobile money uniquement
HAHO | DJEMEGNI,HAHO,Haho,Plateaux,Djemegni,Haho 2,22,0,0,6.979037464075821,1.3262300397375866,Mobile money uniquement
HAHO | HAHOMEGBE,HAHO,Haho,Plateaux,Hahomégbé,Haho 1,20,1,0,6.913746824800495,1.0064518480375748,Mobile money + établissements
HAHO | KPEDOME,HAHO,Haho,Plateaux,Kpédomé,Haho 3,105,0,0,7.017742934982903,1.1552340125037364,Mobile money uniquement
HAHO | KPEGNON (HAITO),HAHO,Haho,Plateaux,Kpegnon (Haito),Haho 4,13,0,0,7.172838076923076,0.9815288461538461,Mobile money uniquement
HAHO | NOTSE,HAHO,Haho,Plateaux,Notsé,Haho 1,114,14,3,6.946157715581118,1.1686627397234044,Mobile money + établissements
HAHO | WAHALA,HAHO,Haho,Plateaux,Wahala,Haho 4,81,4,0,7.167555055142916,1.1714115545510084,Mobile money + établissements
KERAN | AKPONTE,KERAN,Kéran,Kara,Akpontè,Kéran 1,6,0,0,10.216630340887537,0.9218811055233925,Mobile money uniquement
KERAN | ATALOTE,KERAN,Kéran,Kara,Ataloté,Kéran 2,8,0,0,9.937496249999999,0.9235433333333334,Mobile money uniquement
KERAN | HELOTA,KERAN,Kéran,Kara,Hélota,Kéran 2,13,0,0,9.936553860412431,0.7553983963962979,Mobile money uniquement
KERAN | KANTE,KERAN,Kéran,Kara,Kantè,Kéran 1,77,7,4,9.954479484974755,1.048478775464899,Mobile money + établissements
KERAN | NADOBA,KERAN,Kéran,Kara,Nadoba,Kéran 3,9,0,0,10.136209525143,1.082130835701112,Mobile money uniquement
KERAN | OSSACRE,KERAN,Kéran,Kara,Ossacré,Kéran 2,17,0,0,10.05649062852014,0.7464130672112443,Mobile money uniquement
KERAN | PESSIDE,KERAN,Kéran,Kara,Pessidè,Kéran 1,8,0,0,10.027672374802435,0.9300572193464828,Mobile money uniquement
KERAN | WARENGO,KERAN,Kéran,Kara,Warengo,Kéran 3,1,0,0,10.103315,1.123915,Mobile money uniquement
KLOTO | AGOME-KPALIME,KLOTO,Kloto,Plateaux,Agome-Kpalime,Kloto 1,368,9,5,6.912813724000814,0.6317256367639631,Mobile money + établissements
KLOTO | AGOME-TOMEGBE,KLOTO,Kloto,Plateaux,Agomé-Tomégbé,Kloto 3,6,1,0,6.953720655555556,0.5631135500000001,Mobile money + établissements
KLOTO | AGOME-YOH,KLOTO,Kloto,Plateaux,Agomé-Yoh,Kloto 3,2,0,0,6.9456675,0.5890458333333334,Mobile money uniquement
KLOTO | GBALABE,KLOTO,Kloto,Plateaux,Gbalabé,Kloto 1,6,0,0,6.867755990351436,0.6040068142894727,Mobile money uniquement
KLOTO | HANYIGBA,KLOTO,Kloto,Plateaux,Hanyigba,Kloto 1,5,0,0,6.905654922815721,0.5977582706667437,Mobile money uniquement
KLOTO | KOUMA,KLOTO,Kloto,Plateaux,Kouma,Kloto 3,28,1,0,6.967502800662234,0.6038960686757672,Mobile money + établissements
KLOTO | KPADAPE,KLOTO,Kloto,Plateaux,Kpadapé,Kloto 1,3,0,0,6.840764278957256,0.5927536097576787,Mobile money uniquement
KLOTO | KPIME,KLOTO,Kloto,Plateaux,Kpimé,Kloto 2,26,0,0,7.011224561989707,0.6394116714272433,Mobile money uniquement
KLOTO | LAVIE,KLOTO,Kloto,Plateaux,Lavié,Kloto 2,21,0,0,7.031657128614106,0.6778893877644203,Mobile money uniquement
KLOTO | LAVIE-APEDOME,KLOTO,Kloto,Plateaux,Lavié-Apédomé,Kloto 2,10,1,0,7.010188139073516,0.6758807083264892,Mobile money + établissements
KLOTO | TOME,KLOTO,Kloto,Plateaux,Tomé,Kloto 1,2,0,0,6.831172500000001,0.6436525,Mobile money uniquement
KLOTO | TOVE,KLOTO,Kloto,Plateaux,Tové,Kloto 1,10,0,0,6.878339871592749,0.6547434098947171,Mobile money uniquement
KLOTO | WOME,KLOTO,Kloto,Plateaux,Womé,Kloto 1,10,0,0,6.845248628145519,0.5675827005421555,Mobile money uniquement
KLOTO | YOKELE,KLOTO,Kloto,Plateaux,Yokélé,Kloto 1,6,0,0,6.932748055555556,0.6568777777777778,Mobile money uniquement
KOZAH | ATCHANGBADE,KOZAH,Kozah,Kara,Atchangbadè,Kozah 4,25,0,0,9.468630817319955,1.1234403095362266,Mobile money uniquement
KOZAH | AWANDJELO,KOZAH,Kozah,Kara,Awandjélo,Kozah 3,22,0,0,9.475409285077157,1.1978353315659092,Mobile money uniquement
KOZAH | BOHOU,KOZAH,Kozah,Kara,Bohou,Kozah 2,20,0,0,9.610863678688869,1.172415124142947,Mobile money uniquement
KOZAH | COMMUNE DE KARA,KOZAH,Kozah,Kara,Commune De Kara,Kozah 1,1257,22,12,9.550016201212404,1.1963993535037303,Mobile money + établissements
KOZAH | DJAMDE,KOZAH,Kozah,Kara,Djamdè,Kozah 4,10,0,0,9.506915675092992,1.0375304335406317,Mobile money uniquement
KOZAH | KOUMEA,KOZAH,Kozah,Kara,Kouméa,Kozah 2,25,0,0,9.71146801094175,1.195031209986969,Mobile money uniquement
KOZAH | KPINZINDE,KOZAH,Kozah,Kara,Kpinzindè,Kozah 3,12,0,0,9.493648486990804,1.2914230729925333,Mobile money uniquement
KOZAH | LANDA,KOZAH,Kozah,Kara,Landa,Kozah 1,30,0,0,9.66811420105476,1.265842739200241,Mobile money uniquement
KOZAH | LASSA,KOZAH,Kozah,Kara,Lassa,Kozah 1,60,0,0,9.614458499377019,1.2266291521265422,Mobile money uniquement
KOZAH | PYA,KOZAH,Kozah,Kara,Pya,Kozah 2,40,4,3,9.661174940950158,1.1486682725586799,Mobile money + établissements
KOZAH | SARA-KAWA,KOZAH,Kozah,Kara,Sara-Kawa,Kozah 2,9,0,0,9.631211727231907,1.0015963229062643,Mobile money uniquement
KOZAH | SOUMDINA,KOZAH,Kozah,Kara,Soumdina,Kozah 1,19,0,0,9.64235310552299,1.2532058735752052,Mobile money uniquement
KOZAH | TCHARE,KOZAH,Kozah,Kara,Tcharè,Kozah 2,8,0,0,9.659588973288294,1.181923199351366,Mobile money uniquement
KOZAH | TCHITCHAO,KOZAH,Kozah,Kara,Tchitchao,Kozah 2,9,0,0,9.625699444444443,1.1425568518518519,Mobile money uniquement
KOZAH | YADE,KOZAH,Kozah,Kara,Yadè,Kozah 2,16,0,0,9.594837170394417,1.1586765562600128,Mobile money uniquement
KPELE | KPELE-AKATA,KPELE,Kpélé,Plateaux,Kpélé-Akata,Kpélé 1,15,0,0,7.052687167951458,0.7093846193544685,Mobile money uniquement
KPELE | KPELE-CENTRE,KPELE,Kpélé,Plateaux,Kpélé-Centre,Kpélé 2,12,1,0,7.172037039838167,0.74662818071159,Mobile money + établissements
KPELE | KPELE-DAWLOTOU,KPELE,Kpélé,Plateaux,Kpélé-Dawlotou,Kpélé 1,4,0,0,6.9530493365849,0.9014980201075917,Mobile money uniquement
KPELE | KPELE-DUTOE,KPELE,Kpélé,Plateaux,Kpélé-Dutoé,Kpélé 2,5,0,0,7.265698312161861,0.7981045036982815,Mobile money uniquement
KPELE | KPELE-GBALEDZE,KPELE,Kpélé,Plateaux,Kpélé-Gbalédzé,Kpélé 2,9,0,0,7.187629941549456,0.7541613830531751,Mobile money uniquement
KPELE | KPELE-GOVIE,KPELE,Kpélé,Plateaux,Kpélé-Govié,Kpélé 1,15,0,0,7.152877171527065,0.736247749256306,Mobile money uniquement
KPELE | KPELE-KAME,KPELE,Kpélé,Plateaux,Kpélé-Kamé,Kpélé 2,21,0,0,7.229373004731181,0.8148984860686385,Mobile money uniquement
KPELE | KPELE-NORD,KPELE,Kpélé,Plateaux,Kpélé-Nord,Kpélé 2,24,2,0,7.280844466008298,0.8125061787280257,Mobile money + établissements
KPELE | KPELE-NOVIVE,KPELE,Kpélé,Plateaux,Kpélé-Novivé,Kpélé 1,150,5,1,7.122335376902006,0.743117848991277,Mobile money + établissements
KPENDJAL | BORGOU,KPENDJAL,Kpendjal,Savanes,Borgou,Kpendjal 2,5,0,0,10.744509464133733,0.6104047095841546,Mobile money uniquement
KPENDJAL | KOUNDJOARE,KPENDJAL,Kpendjal,Savanes,Koundjoaré,Kpendjal 1,18,0,0,10.94526775385502,0.649096381759011,Mobile money uniquement
KPENDJAL | MANDOURI,KPENDJAL,Kpendjal,Savanes,Mandouri,Kpendjal 1,17,0,0,10.866364698136563,0.809741342872843,Mobile money uniquement
KPENDJAL | TAMBIGOU,KPENDJAL,Kpendjal,Savanes,Tambigou,Kpendjal 1,1,0,0,10.740943333333332,0.7785166666666666,Mobile money uniquement
KPENDJAL-OUEST | NAKI-EST,KPENDJAL-OUEST,Kpendjal-Ouest,Savanes,Naki-Est,Kpendjal-Ouest 1,47,1,0,10.73118022104299,0.36980537966978694,Mobile money + établissements
KPENDJAL-OUEST | NAMOUNDJOGA,KPENDJAL-OUEST,Kpendjal-Ouest,Savanes,Namoundjoga,Kpendjal-Ouest 2,11,0,0,10.878180187501407,0.4028729884980986,Mobile money uniquement
KPENDJAL-OUEST | NAYEGA,KPENDJAL-OUEST,Kpendjal-Ouest,Savanes,Nayéga,Kpendjal-Ouest 1,6,0,0,10.75714521210726,0.4073967796780829,Mobile money uniquement
KPENDJAL-OUEST | OGARO,KPENDJAL-OUEST,Kpendjal-Ouest,Savanes,Ogaro,Kpendjal-Ouest 1,20,0,0,10.74331307637067,0.4714997781025613,Mobile money uniquement
KPENDJAL-OUEST | PAPRI,KPENDJAL-OUEST,Kpendjal-Ouest,Savanes,Papri,Kpendjal-Ouest 2,20,2,0,10.97875151321622,0.4280076642720581,Mobile money + établissements
KPENDJAL-OUEST | POGNO,KPENDJAL-OUEST,Kpendjal-Ouest,Savanes,Pogno,Kpendjal-Ouest 2,16,0,0,10.954961880426973,0.4984490565825316,Mobile money uniquement
KPENDJAL-OUEST | TAMBONGA,KPENDJAL-OUEST,Kpendjal-Ouest,Savanes,Tambonga,Kpendjal-Ouest 2,9,0,0,10.94543086731074,0.4397104644177837,Mobile money uniquement
LACS | AGBODRAFO,LACS,Lacs,Maritime,Agbodrafo,Lacs 3,179,2,0,6.214426516619479,1.4898651196515729,Mobile money + établissements
LACS | AGOUEGAN,LACS,Lacs,Maritime,Agouégan,Lacs 2,12,0,0,6.262620952884078,1.7024771799065883,Mobile money uniquement
LACS | AKLAKOU,LACS,Lacs,Maritime,Aklakou,Lacs 2,28,2,1,6.3325636598261985,1.7199108792976256,Mobile money + établissements
LACS | ANEHO,LACS,Lacs,Maritime,Aného,Lacs 1,57,1,1,6.228080681188501,1.5859563428768026,Mobile money + établissements
LACS | ANFOIN,LACS,Lacs,Maritime,Anfoin,Lacs 4,47,3,1,6.33067457121675,1.6075785097904038,Mobile money + établissements
LACS | CANTON DANEHO,LACS,Lacs,Maritime,Canton D’Aneho,Lacs 1,83,7,4,6.237881185232464,1.6149477155913163,Mobile money + établissements
LACS | FIATA,LACS,Lacs,Maritime,Fiata,Lacs 4,25,0,0,6.308987037221807,1.6479911234668239,Mobile money uniquement
LACS | GANAVE,LACS,Lacs,Maritime,Ganavé,Lacs 4,14,0,0,6.314241671136156,1.6311662970994598,Mobile money uniquement
LACS | GBODJOME,LACS,Lacs,Maritime,Gbodjomé,Lacs 3,264,3,0,6.197287131853042,1.4031498466209291,Mobile money + établissements
LACS | GLIDJI,LACS,Lacs,Maritime,Glidji,Lacs 1,32,0,0,6.2570996113842305,1.6060863764805204,Mobile money uniquement
MO | BOULOHOU,MO,Mô,Centrale,Boulohou,Mô 1,9,0,0,8.707377777777777,0.7342494444444445,Mobile money uniquement
MO | DJARKPANGA,MO,Mô,Centrale,Djarkpanga,Mô 1,14,1,0,8.789434642857143,0.5653377380952381,Mobile money + établissements
MO | KAGNIGBARA,MO,Mô,Centrale,Kagnigbara,Mô 1,2,0,0,8.885022499999998,0.6294075,Mobile money uniquement
MO | SAIBOUDE,MO,Mô,Centrale,Saïboudè,Mô 2,2,0,0,8.605861666666666,0.4750825000000001,Mobile money uniquement
MO | TINDJASSE,MO,Mô,Centrale,Tindjasse,Mô 2,5,1,0,8.645866000000002,0.455424,Mobile money + établissements
MOYEN-MONO | AHASSOME,MOYEN-MONO,Moyen-Mono,Plateaux,Ahassomè,Moyen-Mono 1,4,0,0,7.237728027506652,1.5019912880517083,Mobile money uniquement
MOYEN-MONO | KATOME,MOYEN-MONO,Moyen-Mono,Plateaux,Katomé,Moyen-Mono 2,4,0,0,7.381928814357918,1.6203864794895673,Mobile money uniquement
MOYEN-MONO | KPEKPLEME,MOYEN-MONO,Moyen-Mono,Plateaux,Kpékplémé,Moyen-Mono 2,27,2,0,7.325757598246033,1.6206931931422117,Mobile money + établissements
MOYEN-MONO | SALIGBE,MOYEN-MONO,Moyen-Mono,Plateaux,Saligbé,Moyen-Mono 2,11,0,0,7.240424094617182,1.6166494858250078,Mobile money uniquement
MOYEN-MONO | TADO,MOYEN-MONO,Moyen-Mono,Plateaux,Tado,Moyen-Mono 1,9,2,0,7.15509668352672,1.5779164011206641,Mobile money + établissements
MOYEN-MONO | TOHOUN,MOYEN-MONO,Moyen-Mono,Plateaux,Tohoun,Moyen-Mono 1,26,1,0,7.036241969196897,1.6082333025006885,Mobile money + établissements
OGOU | AKPARE,OGOU,Ogou,Plateaux,Akparé,Ogou 2,14,1,0,7.4603121755058694,1.3312433692552879,Mobile money + établissements
OGOU | DATCHA,OGOU,Ogou,Plateaux,Datcha,Ogou 2,8,1,0,7.439810221564541,1.1599592116046435,Mobile money + établissements
OGOU | DJAMA,OGOU,Ogou,Plateaux,Djama,Ogou 1,31,6,3,7.540893777735873,1.1356624485791087,Mobile money + établissements
OGOU | GLEI,OGOU,Ogou,Plateaux,Gléi,Ogou 3,85,3,0,7.311612084167858,1.158344024994307,Mobile money + établissements
OGOU | GNAGNA,OGOU,Ogou,Plateaux,Gnagna,Ogou 1,226,8,4,7.525106895804917,1.1283556150455312,Mobile money + établissements
OGOU | HOUDOU,OGOU,Ogou,Plateaux,Houdou,Ogou 1,14,0,0,7.611722977490805,1.1701720213895885,Mobile money uniquement
OGOU | KATORE,OGOU,Ogou,Plateaux,Katoré,Ogou 2,22,0,0,7.3955292031550215,1.3330755989100334,Mobile money uniquement
OGOU | OUNTIVOU,OGOU,Ogou,Plateaux,Ountivou,Ogou 4,21,2,0,7.421718188742138,1.5208481543995067,Mobile money + établissements
OTI | BARKOISSI,OTI,Oti,Savanes,Barkoissi,Oti 2,108,3,1,10.570823796089043,0.32616222156490454,Mobile money + établissements
OTI | FARE,OTI,Oti,Savanes,Faré,Oti 1,1,0,0,10.179847402403539,0.393440574095371,Mobile money uniquement
OTI | GALANGASHIE,OTI,Oti,Savanes,Galangashie,Oti 2,16,0,0,10.527750764891818,0.3356960457094288,Mobile money uniquement
OTI | LOKO,OTI,Oti,Savanes,Loko,Oti 2,8,0,0,10.563621028808061,0.2533103812983335,Mobile money uniquement
OTI | MANGO,OTI,Oti,Savanes,Mango,Oti 1,202,7,4,10.35138942461309,0.47435336894386787,Mobile money + établissements
OTI | NAGBENI,OTI,Oti,Savanes,Nagbéni,Oti 2,23,0,0,10.656957351900422,0.43753374114396176,Mobile money uniquement
OTI | SADORI,OTI,Oti,Savanes,Sadori,Oti 1,5,0,0,10.282170262199555,0.44876071673867735,Mobile money uniquement
OTI | TCHANAGA,OTI,Oti,Savanes,Tchanaga,Oti 2,5,0,0,10.49894570082665,0.49162310003501536,Mobile money uniquement
OTI-SUD | GANDO,OTI-SUD,Oti-Sud,Savanes,Gando,Oti-Sud 1,63,3,1,10.310851496971448,0.7592589824585293,Mobile money + établissements
OTI-SUD | KOUMONGOU,OTI-SUD,Oti-Sud,Savanes,Koumongou,Oti-Sud 2,9,0,0,10.189112768620555,0.44665733252189427,Mobile money uniquement
OTI-SUD | KOUNTOIRE,OTI-SUD,Oti-Sud,Savanes,Kountoire,Oti-Sud 2,15,0,0,10.098706605839626,0.6470674111730903,Mobile money uniquement
OTI-SUD | MOGOU,OTI-SUD,Oti-Sud,Savanes,Mogou,Oti-Sud 1,13,0,0,10.389422871553371,0.639239358643192,Mobile money uniquement
OTI-SUD | NALI,OTI-SUD,Oti-Sud,Savanes,Nali,Oti-Sud 2,3,0,0,10.032525535747629,0.4540361434880104,Mobile money uniquement
OTI-SUD | SAGBIEBOU,OTI-SUD,Oti-Sud,Savanes,Sagbiebou,Oti-Sud 1,33,1,0,10.244196174908337,0.642203903606932,Mobile money + établissements
OTI-SUD | TAKPAMBA,OTI-SUD,Oti-Sud,Savanes,Takpamba,Oti-Sud 2,12,1,0,9.969086377731925,0.5747948104867099,Mobile money + établissements
OTI-SUD | TCHAMONGA,OTI-SUD,Oti-Sud,Savanes,Tchamonga,Oti-Sud 1,11,0,0,10.554863170705778,0.6705769410470213,Mobile money uniquement
SOTOUBOUA | ADJENGRE,SOTOUBOUA,Sotouboua,Centrale,Adjengré,Sotouboua 2,62,4,1,8.662179353511643,1.019767079374037,Mobile money + établissements
SOTOUBOUA | AOUDA,SOTOUBOUA,Sotouboua,Centrale,Aouda,Sotouboua 2,28,0,0,8.73177707446634,1.048201620505759,Mobile money uniquement
SOTOUBOUA | BODJONDE,SOTOUBOUA,Sotouboua,Centrale,Bodjondè,Sotouboua 3,6,0,0,8.430022639521333,1.04019863477966,Mobile money uniquement
SOTOUBOUA | KANIAMBOUA,SOTOUBOUA,Sotouboua,Centrale,Kaniamboua,Sotouboua 1,8,0,0,8.607760220787858,1.0028422012889977,Mobile money uniquement
SOTOUBOUA | KAZABOUA,SOTOUBOUA,Sotouboua,Centrale,Kazaboua,Sotouboua 3,15,0,0,8.426400921626689,1.0792985701936606,Mobile money uniquement
SOTOUBOUA | SESSARO,SOTOUBOUA,Sotouboua,Centrale,Séssaro,Sotouboua 2,6,0,0,8.617542191117304,1.184319476565431,Mobile money uniquement
SOTOUBOUA | SOTOUBOUA,SOTOUBOUA,Sotouboua,Centrale,Sotouboua,Sotouboua 1,141,11,4,8.559252392545522,0.9843621462432524,Mobile money + établissements
SOTOUBOUA | TABINDE,SOTOUBOUA,Sotouboua,Centrale,Tabindè,Sotouboua 1,2,0,0,8.503872958051943,1.1443746680946503,Mobile money uniquement
SOTOUBOUA | TCHEBEBE,SOTOUBOUA,Sotouboua,Centrale,Tchébébé,Sotouboua 3,76,3,0,8.430503031547955,0.9848176799208341,Mobile money + établissements
SOTOUBOUA | TITTIGBE,SOTOUBOUA,Sotouboua,Centrale,Tittigbe,Sotouboua 2,11,0,0,8.613279945483887,1.1029162057551642,Mobile money uniquement
TANDJOARE | BAGOU,TANDJOARE,Tandjoaré,Savanes,Bagou,Tandjoaré 2,1,0,0,10.683868333333331,0.0389883333333333,Mobile money uniquement
TANDJOARE | BOGOU,TANDJOARE,Tandjoaré,Savanes,Bogou,Tandjoaré 1,12,0,0,10.66315437495434,0.18411873322150366,Mobile money uniquement
TANDJOARE | BOMBOUAKA,TANDJOARE,Tandjoaré,Savanes,Bombouaka,Tandjoaré 1,17,1,1,10.705888873930283,0.20551660925566134,Mobile money + établissements
TANDJOARE | DOUKPERGOU,TANDJOARE,Tandjoaré,Savanes,Doukpergou,Tandjoaré 2,10,1,0,10.6578275,0.06418183333333334,Mobile money + établissements
TANDJOARE | GOUNDOGA,TANDJOARE,Tandjoaré,Savanes,Goundoga,Tandjoaré 1,8,0,0,10.70124625,0.15405416666666666,Mobile money uniquement
TANDJOARE | LOKO,TANDJOARE,Tandjoaré,Savanes,Loko,Tandjoaré 1,1,0,0,10.608061666666666,0.2493566666666666,Mobile money uniquement
TANDJOARE | LOKPANO,TANDJOARE,Tandjoaré,Savanes,Lokpano,Tandjoaré 2,4,0,0,10.603431666666665,0.117755,Mobile money uniquement
TANDJOARE | NANDOGA,TANDJOARE,Tandjoaré,Savanes,Nandoga,Tandjoaré 1,4,0,0,10.670430665021962,0.2029115608460451,Mobile money uniquement
TANDJOARE | NANO,TANDJOARE,Tandjoaré,Savanes,Nano,Tandjoaré 2,36,3,0,10.70349462962963,0.10828129629629629,Mobile money + établissements
TANDJOARE | PLIGOU,TANDJOARE,Tandjoaré,Savanes,Pligou,Tandjoaré 1,6,0,0,10.663523366824064,0.2935968202421463,Mobile money uniquement
TANDJOARE | SISSIAK,TANDJOARE,Tandjoaré,Savanes,Sissiak,Tandjoaré 2,26,0,0,10.760115974248777,0.10820439573523698,Mobile money uniquement
TANDJOARE | TAMONGUE,TANDJOARE,Tandjoaré,Savanes,Tamongue,Tandjoaré 1,18,0,0,10.548742037037037,0.17506222222222223,Mobile money uniquement
TANDJOARE | TAMPIALIME,TANDJOARE,Tandjoaré,Savanes,Tampialime,Tandjoaré 2,16,0,0,10.749780375324672,0.0013838797068508246,Mobile money uniquement
TCHAMBA | AFFEM,TCHAMBA,Tchamba,Centrale,Affem,Tchamba 1,4,0,0,9.132243333333333,1.522955,Mobile money uniquement
TCHAMBA | ALIBI I,TCHAMBA,Tchamba,Centrale,Alibi I,Tchamba 1,3,0,0,8.916342222222221,1.412091111111111,Mobile money uniquement
TCHAMBA | BAGO,TCHAMBA,Tchamba,Centrale,Bago,Tchamba 2,44,0,0,8.491423976478787,1.3587043334897762,Mobile money uniquement
TCHAMBA | BALANKA,TCHAMBA,Tchamba,Centrale,Balanka,Tchamba 3,11,0,0,8.866357969339782,1.6148622728590296,Mobile money uniquement
TCHAMBA | GOUBI,TCHAMBA,Tchamba,Centrale,Goubi,Tchamba 3,17,0,0,8.636538350237492,1.4722837977829508,Mobile money uniquement
TCHAMBA | KABOLI,TCHAMBA,Tchamba,Centrale,Kaboli,Tchamba 3,40,5,0,8.72008312052082,1.5947241065474167,Mobile money + établissements
TCHAMBA | KOUSSOUNTOU,TCHAMBA,Tchamba,Centrale,Koussountou,Tchamba 2,41,1,0,8.888435629438918,1.5172256686465313,Mobile money + établissements
TCHAMBA | KRI-KRI,TCHAMBA,Tchamba,Centrale,Kri-Kri,Tchamba 1,2,0,0,9.197596666666668,1.4152225,Mobile money uniquement
TCHAMBA | LARINI,TCHAMBA,Tchamba,Centrale,Larini,Tchamba 1,3,0,0,9.046267777777778,1.4168450000000001,Mobile money uniquement
TCHAMBA | TCHAMBA,TCHAMBA,Tchamba,Centrale,Tchamba,Tchamba 1,40,6,1,9.022880625,1.4282949166666667,Mobile money + établissements
TCHAOUDJO | AGOULOUDE,TCHAOUDJO,Tchaoudjo,Centrale,Agouloudè,Tchaoudjo 4,13,0,0,9.119722051282052,1.3245735897435897,Mobile money uniquement
TCHAOUDJO | ALEHERIDE,TCHAOUDJO,Tchaoudjo,Centrale,Aléhéridè,Tchaoudjo 3,27,0,0,9.20538389808031,1.1987830153653403,Mobile money uniquement
TCHAOUDJO | AMAIDE,TCHAOUDJO,Tchaoudjo,Centrale,Amaïde,Tchaoudjo 3,20,0,0,9.163682607428413,1.1743597632642158,Mobile money uniquement
TCHAOUDJO | KADAMBARA,TCHAOUDJO,Tchaoudjo,Centrale,Kadambara,Tchaoudjo 1,56,0,0,8.953419622849358,1.158095556749109,Mobile money uniquement
TCHAOUDJO | KEMENI,TCHAOUDJO,Tchaoudjo,Centrale,Kéméni,Tchaoudjo 3,5,0,0,9.233921147857192,1.2441981029197153,Mobile money uniquement
TCHAOUDJO | KOLINA,TCHAOUDJO,Tchaoudjo,Centrale,Kolina,Tchaoudjo 3,13,0,0,9.094438541447413,1.1087096388079185,Mobile money uniquement
TCHAOUDJO | KPANGALAM,TCHAOUDJO,Tchaoudjo,Centrale,Kpangalam,Tchaoudjo 1,261,3,1,9.011525973935228,1.1344034428463055,Mobile money + établissements
TCHAOUDJO | KPARATAOU,TCHAOUDJO,Tchaoudjo,Centrale,Kparataou,Tchaoudjo 1,66,0,0,8.937402891349581,1.253723698969873,Mobile money uniquement
TCHAOUDJO | KPASSAOUADE,TCHAOUDJO,Tchaoudjo,Centrale,Kpassaouade,Tchaoudjo 4,10,0,0,9.046429,1.2760635,Mobile money uniquement
TCHAOUDJO | LAMA-TESSI,TCHAOUDJO,Tchaoudjo,Centrale,Lama-Tessi,Tchaoudjo 2,45,0,0,8.85347750774746,1.0792142311449526,Mobile money uniquement
TCHAOUDJO | SOKODE (KOMAH),TCHAOUDJO,Tchaoudjo,Centrale,Sokodè (Komah),Tchaoudjo 1,862,17,10,8.9816954326062,1.1440434155541142,Mobile money + établissements
TCHAOUDJO | TCHALO,TCHAOUDJO,Tchaoudjo,Centrale,Tchalo,Tchaoudjo 1,23,0,0,8.936543296602869,1.1214497956974534,Mobile money uniquement
TCHAOUDJO | WASSARABO,TCHAOUDJO,Tchaoudjo,Centrale,Wassarabo,Tchaoudjo 4,10,0,0,9.015175333333334,1.259009,Mobile money uniquement
TONE | BIDJENGA,TONE,Tône,Savanes,Bidjenga,Tône 1,10,0,0,10.689811,0.30621183333333335,Mobile money uniquement
TONE | DAPAONG,TONE,Tône,Savanes,Dapaong,Tône 1,869,14,7,10.867179297609786,0.20170393247608587,Mobile money + établissements
TONE | KANTINDI,TONE,Tône,Savanes,Kantindi,Tône 4,29,0,0,10.912444798408698,0.27774847392110225,Mobile money uniquement
TONE | KORBONGOU,TONE,Tône,Savanes,Korbongou,Tône 4,120,0,0,10.928689567919475,0.32276652641134085,Mobile money uniquement
TONE | KOURIENTRE,TONE,Tône,Savanes,Kourientre,Tône 1,8,0,0,10.996716432588702,0.22403066229454874,Mobile money uniquement
TONE | LOTOGOU,TONE,Tône,Savanes,Lotogou,Tône 3,18,1,0,10.79613927353595,0.02698560450749833,Mobile money + établissements
TONE | LOUANGA,TONE,Tône,Savanes,Louanga,Tône 4,9,0,0,10.8845923647816,0.34002636947659765,Mobile money uniquement
TONE | NAKI-OUEST,TONE,Tône,Savanes,Naki-Ouest,Tône 2,45,0,0,10.920918731259489,0.09045867439690808,Mobile money uniquement
TONE | NAMARE,TONE,Tône,Savanes,Namaré,Tône 2,9,0,0,10.98546062981017,0.10996318124172427,Mobile money uniquement
TONE | NANERGOU,TONE,Tône,Savanes,Nanergou,Tône 2,22,0,0,10.913895145603629,0.14311524012037327,Mobile money uniquement
TONE | NATIGOU,TONE,Tône,Savanes,Natigou,Tône 1,3,0,0,10.981956978642017,0.2611930700603009,Mobile money uniquement
TONE | NIOUKPOURMA,TONE,Tône,Savanes,Nioukpourma,Tône 3,24,0,0,10.839065436164875,0.1302876923235314,Mobile money uniquement
TONE | PANA,TONE,Tône,Savanes,Pana,Tône 1,19,0,0,10.75733043740454,0.29352229700293914,Mobile money uniquement
TONE | POISSONGUI,TONE,Tône,Savanes,Poissongui,Tône 1,11,0,0,11.049386059884974,0.22689436012985062,Mobile money uniquement
TONE | SANFATOUTE,TONE,Tône,Savanes,Sanfatoute,Tône 4,17,0,0,11.019969831312675,0.3035871506532968,Mobile money uniquement
TONE | TAMI,TONE,Tône,Savanes,Tami,Tône 3,30,0,0,10.852410148444553,0.053748430568264546,Mobile money uniquement
TONE | TOAGA,TONE,Tône,Savanes,Toaga,Tône 1,26,0,0,10.898884146008474,0.25588890670386,Mobile money uniquement
TONE | WARKAMBOU,TONE,Tône,Savanes,Warkambou,Tône 3,11,0,0,10.786891310973614,-0.02789621693171558,Mobile money uniquement
VO | AKOUMAPE,VO,Vo,Maritime,Akoumapé,Vo 4,43,1,0,6.391728100775194,1.4442386821705426,Mobile money + établissements
VO | ANYRON-KOPE,VO,Vo,Maritime,Anyron-Kopé,Vo 2,7,0,0,6.269482142857143,1.548335238095238,Mobile money uniquement
VO | DAGBATI,VO,Vo,Maritime,Dagbati,Vo 3,26,0,0,6.4431175,1.5017203846153846,Mobile money uniquement
VO | DZREKPO,VO,Vo,Maritime,Dzrékpo,Vo 3,58,2,0,6.4588444321074245,1.5685881294426502,Mobile money + établissements
VO | HAHOTOE,VO,Vo,Maritime,Hahotoé,Vo 4,55,5,1,6.363577848484849,1.4134726363636363,Mobile money + établissements
VO | MOME-HOUNKPATI,VO,Vo,Maritime,Mome-Hounkpati,Vo 3,16,0,0,6.474366991461764,1.5589877818646671,Mobile money uniquement
VO | SEVAGAN,VO,Vo,Maritime,Sévagan,Vo 4,15,0,0,6.300041333333334,1.4274099999999998,Mobile money uniquement
VO | TOGOVILLE,VO,Vo,Maritime,Togoville,Vo 2,45,1,0,6.2396334830762195,1.485686299100948,Mobile money + établissements
VO | VO-KOUTIME,VO,Vo,Maritime,Vo-Koutimé,Vo 1,36,0,0,6.359115601253887,1.5742007834774736,Mobile money uniquement
VO | VOGAN,VO,Vo,Maritime,Vogan,Vo 1,175,8,4,6.338230535819747,1.5281586535591292,Mobile money + établissements
WAWA | BADOU,WAWA,Wawa,Plateaux,Badou,Wawa 1,89,4,1,7.584651571780138,0.5989108523364539,Mobile money + établissements
WAWA | DOUME,WAWA,Wawa,Plateaux,Doumé,Wawa 3,13,0,0,7.5613206361762,0.7928885337608134,Mobile money uniquement
WAWA | EKETO,WAWA,Wawa,Plateaux,Ekéto,Wawa 2,1,0,0,7.441135414971696,0.8275536550601417,Mobile money uniquement
WAWA | GBADI-N'KOUGNA,WAWA,Wawa,Plateaux,Gbadi-N'kougna,Wawa 2,13,0,0,7.464255558780641,0.6902536212941838,Mobile money uniquement
WAWA | GOBE,WAWA,Wawa,Plateaux,Gobé,Wawa 2,2,0,0,7.517878333333334,0.8065833333333334,Mobile money uniquement
WAWA | KESSIBO,WAWA,Wawa,Plateaux,Késsibo,Wawa 1,21,0,0,7.650390448323058,0.6041214213038241,Mobile money uniquement
WAWA | KLABE-EFOUKPA,WAWA,Wawa,Plateaux,Klabé-Efoukpa,Wawa 3,9,0,0,7.610787285866094,0.7616808420441583,Mobile money uniquement
WAWA | KPETE-BENA,WAWA,Wawa,Plateaux,Kpété-Béna,Wawa 1,34,0,0,7.44029308595226,0.5702316463333782,Mobile money uniquement
WAWA | OKOU,WAWA,Wawa,Plateaux,Okou,Wawa 3,5,0,0,7.570498242091586,0.8548422836375792,Mobile money uniquement
WAWA | OUNABE,WAWA,Wawa,Plateaux,Ounabé,Wawa 3,5,0,0,7.557463284728937,0.9614364009288939,Mobile money uniquement
WAWA | TOMEGBE,WAWA,Wawa,Plateaux,Tomégbé,Wawa 1,28,0,0,7.510596150918829,0.593214229604184,Mobile money uniquement
WAWA | ZOGBEGAN,WAWA,Wawa,Plateaux,Zogbégan,Wawa 3,24,0,0,7.57675569471963,0.6862835989245365,Mobile money uniquement
YOTO | AHEPE,YOTO,Yoto,Maritime,Ahépé,Yoto 2,17,4,1,6.604598266186797,1.3934094925642344,Mobile money + établissements
YOTO | AMOUSSIME,YOTO,Yoto,Maritime,Amoussimé,Yoto 1,7,0,0,6.632680322507142,1.5239297909045517,Mobile money uniquement
YOTO | ESSE-GODJIN,YOTO,Yoto,Maritime,Essé-Godjin,Yoto 3,3,0,0,6.720592350172652,1.5557236212969905,Mobile money uniquement
YOTO | GBOTO,YOTO,Yoto,Maritime,Gboto,Yoto 3,9,2,0,6.682555112198689,1.5014221114591075,Mobile money + établissements
YOTO | KINI-KONDJI,YOTO,Yoto,Maritime,Kini-Kondji,Yoto 1,2,0,0,6.611279083671025,1.5465505958122923,Mobile money uniquement
YOTO | KOUVE,YOTO,Yoto,Maritime,Kouvé,Yoto 1,18,2,0,6.661979882570948,1.4111112658710887,Mobile money + établissements
YOTO | SENDOME,YOTO,Yoto,Maritime,Sendome,Yoto 3,2,0,0,6.765446945237988,1.5743808333333331,Mobile money uniquement
YOTO | TABLIGBO,YOTO,Yoto,Maritime,Tabligbo,Yoto 1,55,8,4,6.595786047826609,1.5019046312248456,Mobile money + établissements
YOTO | TCHEKPO,YOTO,Yoto,Maritime,Tchékpo,Yoto 2,27,2,0,6.536880293706351,1.3586999382218348,Mobile money + établissements
YOTO | TOKPLI,YOTO,Yoto,Maritime,Tokpli,Yoto 3,11,1,1,6.639862738936097,1.5754928857372705,Mobile money + établissements
YOTO | TOMETY-KONDJI,YOTO,Yoto,Maritime,Tométy-Kondji,Yoto 3,2,0,0,6.7778785994854225,1.535050088030235,Mobile money uniquement
YOTO | ZAFI,YOTO,Yoto,Maritime,Zafi,Yoto 2,7,0,0,6.640531275628653,1.3664162788853538,Mobile money uniquement
ZIO | ABOBO,ZIO,Zio,Maritime,Abobo,Zio 1,28,2,0,6.261880065039192,1.312713776271893,Mobile money + établissements
ZIO | AGBELOUVE,ZIO,Zio,Maritime,Agbélouvé,Zio 3,125,3,1,6.708212493894178,1.1033065230674681,Mobile money + établissements
ZIO | BOLOU,ZIO,Zio,Maritime,Bolou,Zio 2,18,0,0,6.440294617035404,1.097928065913186,Mobile money uniquement
ZIO | DALAVE,ZIO,Zio,Maritime,Dalavé,Zio 1,51,1,0,6.383928606764519,1.2424746831861995,Mobile money + établissements
ZIO | DAVIE,ZIO,Zio,Maritime,Davié,Zio 1,153,0,0,6.369583735905768,1.1964818746122687,Mobile money uniquement
ZIO | DJAGBLE,ZIO,Zio,Maritime,Djagblé,Zio 1,26,7,0,6.2605117179844045,1.27374789998042,Mobile money + établissements
ZIO | GAME-SEVA,ZIO,Zio,Maritime,Gamé-Sèva,Zio 3,17,1,0,6.699740654881422,1.205601881750827,Mobile money + établissements
ZIO | GAPE-CENTRE,ZIO,Zio,Maritime,Gapé-Centre,Zio 4,41,3,0,6.596941190211935,1.1127289018900202,Mobile money + établissements
ZIO | GAPE-KPODJI,ZIO,Zio,Maritime,Gapé-Kpodji,Zio 4,7,0,0,6.668849679121155,0.9788170765849789,Mobile money uniquement
ZIO | GBATOPE,ZIO,Zio,Maritime,Gbatopé,Zio 1,62,1,0,6.470010707497363,1.288642525380538,Mobile money + établissements
ZIO | GBLAINVIE,ZIO,Zio,Maritime,Gblainvié,Zio 1,9,0,0,6.481094459416932,1.117351800521406,Mobile money uniquement
ZIO | KOVIE,ZIO,Zio,Maritime,Kovié,Zio 2,14,1,0,6.331955001125887,1.084399959619259,Mobile money + établissements
ZIO | KPOME,ZIO,Zio,Maritime,Kpomé,Zio 1,22,0,0,6.300272878261179,1.3526681924797888,Mobile money uniquement
ZIO | MISSION-TOVE,ZIO,Zio,Maritime,Mission-Tové,Zio 2,41,2,0,6.299904140218001,1.1250165532545005,Mobile money + établissements
ZIO | TSEVIE,ZIO,Zio,Maritime,Tsévié,Zio 1,157,6,4,6.422927839496858,1.210362971751638,Mobile money + établissements
ZIO | WLI,ZIO,Zio,Maritime,Wli,Zio 2,8,0,0,6.402117256961286,1.1309064368104589,Mobile money uniquement
