commune_key,commune,prefecture_key,prefecture,region,population,agents_mm,etab_financiers,banques,microfinances,hab_par_etab_financier,hab_par_agent_mm,agents_mm_par_1000_hab,mm_uniquement,lat,lon
BLITTA 1,Blitta 1,BLITTA,Blitta,Centrale,71539.0,75,8,3,5,8942.0,954.0,1.05,False,8.275275593632092,1.0335386564143139
BLITTA 2,Blitta 2,BLITTA,Blitta,Centrale,46515.0,9,2,0,2,23258.0,5168.0,0.19,False,8.135765415401611,1.084259553550396
BLITTA 3,Blitta 3,BLITTA,Blitta,Centrale,45218.0,6,0,0,0,,7536.0,0.13,True,8.135505281328067,0.8065363402030351
MO 1,Mô 1,MO,Mô,Centrale,30522.0,25,1,0,1,30522.0,1221.0,0.82,False,8.7675412,0.6312715333333333
MO 2,Mô 2,MO,Mô,Centrale,21926.0,7,1,0,1,21926.0,3132.0,0.32,False,8.63443619047619,0.4610407142857143
SOTOUBOUA 1,Sotouboua 1,SOTOUBOUA,Sotouboua,Centrale,46907.0,151,11,4,7,4264.0,311.0,3.22,False,8.561088841267054,0.9874605931576149
SOTOUBOUA 2,Sotouboua 2,SOTOUBOUA,Sotouboua,Centrale,64187.0,107,4,1,3,16047.0,600.0,1.67,False,8.672861780839307,1.0449831721313172
SOTOUBOUA 3,Sotouboua 3,SOTOUBOUA,Sotouboua,Centrale,27770.0,97,3,0,3,9257.0,286.0,3.49,False,8.429838969682194,1.002853752943982
TCHAMBA 1,Tchamba 1,TCHAMBA,Tchamba,Centrale,82451.0,52,6,1,5,13742.0,1586.0,0.63,False,9.03321580128205,1.4334782692307693
TCHAMBA 2,Tchamba 2,TCHAMBA,Tchamba,Centrale,64930.0,85,1,0,1,64930.0,764.0,1.31,False,8.682923714965439,1.435167565741858
TCHAMBA 3,Tchamba 3,TCHAMBA,Tchamba,Centrale,53204.0,68,5,0,5,10641.0,782.0,1.28,False,8.722859035847174,1.567371673906708
TCHAOUDJO 1,Tchaoudjo 1,TCHAOUDJO,Tchaoudjo,Centrale,177706.0,1268,20,11,9,8885.0,140.0,7.14,False,8.983462403496958,1.1479788512630404
TCHAOUDJO 2,Tchaoudjo 2,TCHAOUDJO,Tchaoudjo,Centrale,24891.0,45,0,0,0,,553.0,1.81,True,8.85347750774746,1.0792142311449526
TCHAOUDJO 3,Tchaoudjo 3,TCHAOUDJO,Tchaoudjo,Centrale,17484.0,65,0,0,0,,269.0,3.72,True,9.17255883345906,1.1767469615269235
TCHAOUDJO 4,Tchaoudjo 4,TCHAOUDJO,Tchaoudjo,Centrale,20279.0,33,0,0,0,,615.0,1.63,True,9.065831212121212,1.2900055050505053
AGOE-NYIVE 1,Agoè-Nyivé 1,AGOE-NYIVE,Agoè-Nyivé,Grand Lomé,317255.0,446,33,5,21,9614.0,711.0,1.41,False,6.2339668521775575,1.1880185895995943
AGOE-NYIVE 2,Agoè-Nyivé 2,AGOE-NYIVE,Agoè-Nyivé,Grand Lomé,128164.0,37,6,0,6,21361.0,3464.0,0.29,False,6.262832965778632,1.1487063440809673
AGOE-NYIVE 3,Agoè-Nyivé 3,AGOE-NYIVE,Agoè-Nyivé,Grand Lomé,47554.0,263,7,1,4,6793.0,181.0,5.53,False,6.217797316596269,1.1664325790177583
AGOE-NYIVE 4,Agoè-Nyivé 4,AGOE-NYIVE,Agoè-Nyivé,Grand Lomé,154431.0,258,4,2,2,38608.0,599.0,1.67,False,6.265130054856654,1.2139972465886402
AGOE-NYIVE 5,Agoè-Nyivé 5,AGOE-NYIVE,Agoè-Nyivé,Grand Lomé,125097.0,97,5,0,5,25019.0,1290.0,0.78,False,6.233193421237832,1.1332741556100412
AGOE-NYIVE 6,Agoè-Nyivé 6,AGOE-NYIVE,Agoè-Nyivé,Grand Lomé,110194.0,297,7,1,6,15742.0,371.0,2.7,False,6.321852676964646,1.2197758269372723
GOLFE 1,Golfe 1,GOLFE,Golfe,Grand Lomé,351550.0,1256,53,23,23,6633.0,280.0,3.57,False,6.164469441092654,1.2620681707746855
GOLFE 2,Golfe 2,GOLFE,Golfe,Grand Lomé,136153.0,454,7,5,2,19450.0,300.0,3.33,False,6.181196962055237,1.2454163174926585
GOLFE 3,Golfe 3,GOLFE,Golfe,Grand Lomé,52769.0,281,32,13,7,1649.0,188.0,5.33,False,6.159199031644255,1.2162443778098986
GOLFE 4,Golfe 4,GOLFE,Golfe,Grand Lomé,155842.0,809,20,8,1,7792.0,193.0,5.19,False,6.133095799882235,1.2142359400563596
GOLFE 5,Golfe 5,GOLFE,Golfe,Grand Lomé,169993.0,1062,57,20,22,2982.0,160.0,6.25,False,6.1924870202952205,1.182104437471036
GOLFE 6,Golfe 6,GOLFE,Golfe,Grand Lomé,181561.0,482,23,10,12,7894.0,377.0,2.65,False,6.177674238652474,1.3335468431564477
GOLFE 7,Golfe 7,GOLFE,Golfe,Grand Lomé,257813.0,777,12,0,11,21484.0,332.0,3.01,False,6.185087414277221,1.1366115492280429
ASSOLI 1,Assoli 1,ASSOLI,Assoli,Kara,40417.0,169,7,2,5,5774.0,239.0,4.18,False,9.355324764815274,1.2372812377995372
ASSOLI 2,Assoli 2,ASSOLI,Assoli,Kara,9933.0,31,0,0,0,,320.0,3.12,True,9.287984008530342,1.230838267509523
ASSOLI 3,Assoli 3,ASSOLI,Assoli,Kara,16044.0,28,0,0,0,,573.0,1.75,True,9.369080804516798,1.3432113168677007
BASSAR 1,Bassar 1,BASSAR,Bassar,Kara,65059.0,273,9,4,4,7229.0,238.0,4.2,False,9.253956013186366,0.7777631152398139
BASSAR 2,Bassar 2,BASSAR,Bassar,Kara,36476.0,54,2,1,1,18238.0,675.0,1.48,False,9.369782206950832,0.6191385365661071
BASSAR 3,Bassar 3,BASSAR,Bassar,Kara,33873.0,80,3,1,2,11291.0,423.0,2.36,False,9.472255240328177,0.8011156717781288
BASSAR 4,Bassar 4,BASSAR,Bassar,Kara,16657.0,29,0,0,0,,574.0,1.74,True,9.485739452128975,0.915994918824959
BINAH 1,Binah 1,BINAH,Binah,Kara,44039.0,92,2,1,1,22020.0,479.0,2.09,False,9.777940970181685,1.3150069884490463
BINAH 2,Binah 2,BINAH,Binah,Kara,40160.0,120,7,3,4,5737.0,335.0,2.99,False,9.64917560251339,1.3154777288423738
DANKPEN 1,Dankpen 1,DANKPEN,Dankpen,Kara,76294.0,122,6,2,4,12716.0,625.0,1.6,False,9.736565355958804,0.5849462376841672
DANKPEN 2,Dankpen 2,DANKPEN,Dankpen,Kara,32716.0,31,0,0,0,,1055.0,0.95,True,9.7034118055581,0.7792833600301087
DANKPEN 3,Dankpen 3,DANKPEN,Dankpen,Kara,76652.0,37,0,0,0,,2072.0,0.48,True,9.589546507278461,0.5470753102616305
DOUFELGOU 1,Doufelgou 1,DOUFELGOU,Doufelgou,Kara,44783.0,114,6,2,4,7464.0,393.0,2.55,False,9.77860653310589,1.1305393673761175
DOUFELGOU 2,Doufelgou 2,DOUFELGOU,Doufelgou,Kara,11722.0,30,1,0,1,11722.0,391.0,2.56,False,9.870609857464304,1.094412839133604
DOUFELGOU 3,Doufelgou 3,DOUFELGOU,Doufelgou,Kara,28262.0,40,3,0,3,9421.0,707.0,1.42,False,9.763571462233347,0.9399751680312731
KOZAH 1,Kozah 1,KOZAH,Kozah,Kara,193625.0,1366,22,12,4,8801.0,142.0,7.05,False,9.55672475104187,1.200042408679149
KOZAH 2,Kozah 2,KOZAH,Kozah,Kara,45704.0,127,4,3,1,11426.0,360.0,2.78,False,9.650057311362453,1.1540346669501933
KOZAH 3,Kozah 3,KOZAH,Kozah,Kara,23755.0,34,0,0,0,,699.0,1.43,True,9.481846650458445,1.230866299128247
KOZAH 4,Kozah 4,KOZAH,Kozah,Kara,20654.0,35,0,0,0,,590.0,1.69,True,9.479569348112252,1.0988946306803424
KERAN 1,Kéran 1,KERAN,Kéran,Kara,44399.0,91,7,4,3,6343.0,488.0,2.05,False,9.978198696558252,1.0297209900957083
KERAN 2,Kéran 2,KERAN,Kéran,Kara,53305.0,38,0,0,0,,1403.0,0.71,True,9.99040818079484,0.7867775779581498
KERAN 3,Kéran 3,KERAN,Kéran,Kara,30983.0,10,0,0,0,,3098.0,0.32,True,10.132920072628702,1.0863092521310007
AVE 1,Avé 1,AVE,Avé,Maritime,75044.0,79,10,3,7,7504.0,950.0,1.05,False,6.463887550191569,0.9053750182189214
AVE 2,Avé 2,AVE,Avé,Maritime,36170.0,49,3,0,3,12057.0,738.0,1.35,False,6.280042293976456,1.047528942326105
BAS-MONO 1,Bas-Mono 1,BAS-MONO,Bas-Mono,Maritime,55382.0,149,3,0,2,18461.0,372.0,2.69,False,6.5003922020047655,1.6212959845455917
BAS-MONO 2,Bas-Mono 2,BAS-MONO,Bas-Mono,Maritime,39478.0,34,1,0,1,39478.0,1161.0,0.86,False,6.457273629491862,1.6696250207462333
LACS 1,Lacs 1,LACS,Lacs,Maritime,52994.0,172,8,5,3,6624.0,308.0,3.25,False,6.23820886492055,1.6036914882874052
LACS 2,Lacs 2,LACS,Lacs,Maritime,42855.0,40,2,1,1,21428.0,1071.0,0.93,False,6.311580847743562,1.7146807694803143
LACS 3,Lacs 3,LACS,Lacs,Maritime,108176.0,443,5,0,5,21635.0,244.0,4.1,False,6.204212526600655,1.438188297800354
LACS 4,Lacs 4,LACS,Lacs,Maritime,37222.0,86,3,1,2,12407.0,433.0,2.31,False,6.321694932251612,1.6231662349559537
VO 1,Vo 1,VO,Vo,Maritime,88865.0,211,8,4,4,11108.0,421.0,2.37,False,6.341793864519411,1.5360141828342968
VO 2,Vo 2,VO,Vo,Maritime,24396.0,52,1,0,1,24396.0,469.0,2.13,False,6.243651571892882,1.4941198101194102
VO 3,Vo 3,VO,Vo,Maritime,64651.0,100,2,0,2,32326.0,647.0,1.55,False,6.457239039256189,1.549666460175084
VO 4,Vo 4,VO,Vo,Maritime,46499.0,113,6,1,5,7750.0,411.0,2.43,False,6.365855840707965,1.427030162241888
YOTO 1,Yoto 1,YOTO,Yoto,Maritime,77353.0,82,10,4,6,7735.0,943.0,1.06,False,6.61384379197113,1.484943502817104
YOTO 2,Yoto 2,YOTO,Yoto,Maritime,43412.0,51,6,1,5,7235.0,851.0,1.17,False,6.573679556561717,1.3713288952505687
YOTO 3,Yoto 3,YOTO,Yoto,Maritime,54086.0,27,3,1,2,18029.0,2003.0,0.5,False,6.682589417705558,1.5455279056614832
ZIO 1,Zio 1,ZIO,Zio,Maritime,307292.0,508,17,4,10,18076.0,605.0,1.65,False,6.387222057381115,1.2323603471872555
ZIO 2,Zio 2,ZIO,Zio,Maritime,96193.0,81,3,0,3,32064.0,1188.0,0.84,False,6.346736801568248,1.1125584543089526
ZIO 3,Zio 3,ZIO,Zio,Maritime,67843.0,142,4,1,3,16961.0,478.0,2.09,False,6.707198259646171,1.1155531505154759
ZIO 4,Zio 4,ZIO,Zio,Maritime,28704.0,48,3,0,3,9568.0,598.0,1.67,False,6.60742784484453,1.0932000940330349
AGOU 1,Agou 1,AGOU,Agou,Plateaux,58328.0,174,6,1,5,9721.0,335.0,2.98,False,6.848281889371968,0.7585506650352783
AGOU 2,Agou 2,AGOU,Agou,Plateaux,27465.0,50,0,0,0,,549.0,1.82,True,6.681308383756428,0.827458146821871
AKEBOU 1,Akébou 1,AKEBOU,Akébou,Plateaux,44196.0,63,1,0,1,44196.0,702.0,1.43,False,7.683006767043579,0.7702413807405795
AKEBOU 2,Akébou 2,AKEBOU,Akébou,Plateaux,29634.0,24,0,0,0,,1235.0,0.81,True,7.90178508220992,0.8332864980891248
AMOU 1,Amou 1,AMOU,Amou,Plateaux,19746.0,43,1,0,1,19746.0,459.0,2.18,False,7.4725367350109275,0.9298670815368273
AMOU 2,Amou 2,AMOU,Amou,Plateaux,40016.0,31,4,0,4,10004.0,1291.0,0.77,False,7.356571641282101,0.9107342334272756
AMOU 3,Amou 3,AMOU,Amou,Plateaux,54410.0,101,1,0,1,54410.0,539.0,1.86,False,7.549334586813867,1.0621457163468542
ANIE 1,Anié 1,ANIE,Anié,Plateaux,100745.0,237,9,4,5,11194.0,425.0,2.35,False,7.7743415769851385,1.1911881862211955
ANIE 2,Anié 2,ANIE,Anié,Plateaux,79413.0,48,1,0,1,79413.0,1654.0,0.6,False,7.701540091683705,1.4453097838703666
DANYI 1,Danyi 1,DANYI,Danyi,Plateaux,,99,2,0,2,,,,False,7.204727525722923,0.6838021516513322
DANYI 2,Danyi 2,DANYI,Danyi,Plateaux,,43,1,0,1,,,,False,7.289210568017988,0.7040798803017911
EST-MONO 1,Est-Mono 1,EST-MONO,Est-Mono,Plateaux,34652.0,69,1,0,1,34652.0,502.0,1.99,False,7.9314711132482945,1.3272079054340378
EST-MONO 2,Est-Mono 2,EST-MONO,Est-Mono,Plateaux,101866.0,99,1,0,1,101866.0,1029.0,0.97,False,8.144374335331667,1.448909494423265
EST-MONO 3,Est-Mono 3,EST-MONO,Est-Mono,Plateaux,27942.0,41,1,0,1,27942.0,682.0,1.47,False,7.9964339579328305,1.2031996590665934
HAHO 1,Haho 1,HAHO,Haho,Plateaux,119929.0,187,16,3,12,7496.0,641.0,1.56,False,6.912802438210641,1.1664093036542078
HAHO 2,Haho 2,HAHO,Haho,Plateaux,82507.0,54,2,0,2,41254.0,1528.0,0.65,False,6.996934187491445,1.37833924320688
HAHO 3,Haho 3,HAHO,Haho,Plateaux,58695.0,105,0,0,0,,559.0,1.79,True,7.017742934982903,1.1552340125037364
HAHO 4,Haho 4,HAHO,Haho,Plateaux,43965.0,107,4,0,4,10991.0,411.0,2.43,False,7.159282736447754,1.1364648216694548
KLOTO 1,Kloto 1,KLOTO,Kloto,Plateaux,118387.0,410,9,5,4,13154.0,289.0,3.46,False,6.908944566234328,0.6300438052890668
KLOTO 2,Kloto 2,KLOTO,Kloto,Plateaux,16166.0,57,1,0,1,16166.0,284.0,3.53,False,7.018570521111645,0.6599857488320358
KLOTO 3,Kloto 3,KLOTO,Kloto,Plateaux,11433.0,36,2,0,2,5716.0,318.0,3.15,False,6.963992704218775,0.5962739691552263
KPELE 1,Kpélé 1,KPELE,Kpélé,Plateaux,53275.0,184,5,1,4,10655.0,290.0,3.45,False,7.115467222683796,0.7432508421645845
KPELE 2,Kpélé 2,KPELE,Kpélé,Plateaux,27664.0,71,3,0,3,9221.0,390.0,2.57,False,7.234347968962907,0.7936694314284942
MOYEN-MONO 1,Moyen-Mono 1,MOYEN-MONO,Moyen-Mono,Plateaux,46797.0,39,3,0,3,15599.0,1200.0,0.83,False,7.084335216945806,1.5903404776233516
MOYEN-MONO 2,Moyen-Mono 2,MOYEN-MONO,Moyen-Mono,Plateaux,43708.0,42,2,0,2,21854.0,1041.0,0.96,False,7.308757986925323,1.6196049161160258
OGOU 1,Ogou 1,OGOU,Ogou,Plateaux,116301.0,271,14,7,5,8307.0,429.0,2.33,False,7.5313874068140025,1.1313517092461132
OGOU 2,Ogou 2,OGOU,Ogou,Plateaux,56282.0,44,2,0,2,28141.0,1279.0,0.78,False,7.424193061341113,1.3010169099643616
OGOU 3,Ogou 3,OGOU,Ogou,Plateaux,51836.0,85,3,0,3,17279.0,610.0,1.64,False,7.311612084167858,1.158344024994307
OGOU 4,Ogou 4,OGOU,Ogou,Plateaux,29048.0,21,2,0,2,14524.0,1383.0,0.72,False,7.421718188742138,1.5208481543995067
WAWA 1,Wawa 1,WAWA,Wawa,Plateaux,51187.0,172,4,1,3,12797.0,298.0,3.36,False,7.552086316577445,0.5929505238928878
WAWA 2,Wawa 2,WAWA,Wawa,Plateaux,20414.0,16,0,0,0,,1276.0,0.78,True,7.469513396611669,0.7133760874094498
WAWA 3,Wawa 3,WAWA,Wawa,Plateaux,29699.0,56,0,0,0,,530.0,1.89,True,7.576360681258199,0.7627656841840935
CINKASSE 1,Cinkassé 1,CINKASSE,Cinkassé,Savanes,75992.0,467,14,8,6,5428.0,163.0,6.15,False,11.101346732044425,0.019070654446620972
CINKASSE 2,Cinkassé 2,CINKASSE,Cinkassé,Savanes,52967.0,76,2,0,2,26484.0,697.0,1.43,False,11.034926434473414,0.12586300327983205
KPENDJAL 1,Kpendjal 1,KPENDJAL,Kpendjal,Savanes,47903.0,36,0,0,0,,1331.0,0.75,True,10.9023322991957,0.7285515101990888
KPENDJAL 2,Kpendjal 2,KPENDJAL,Kpendjal,Savanes,40462.0,5,0,0,0,,8092.0,0.12,True,10.744509464133733,0.6104047095841546
KPENDJAL-OUEST 1,Kpendjal-Ouest 1,KPENDJAL-OUEST,Kpendjal-Ouest,Savanes,56459.0,73,1,0,1,56459.0,773.0,1.29,False,10.736638399850378,0.40075656280273575
KPENDJAL-OUEST 2,Kpendjal-Ouest 2,KPENDJAL-OUEST,Kpendjal-Ouest,Savanes,66871.0,56,2,0,2,33436.0,1194.0,0.84,False,10.94684428963336,0.44507741507144294
OTI 1,Oti 1,OTI,Oti,Savanes,54479.0,208,7,4,3,7783.0,262.0,3.82,False,10.348900781179065,0.47334915713677916
OTI 2,Oti 2,OTI,Oti,Savanes,70369.0,160,3,1,2,23456.0,440.0,2.27,False,10.576291862776207,0.34465332035770885
OTI-SUD 1,Oti-Sud 1,OTI-SUD,Oti-Sud,Savanes,106052.0,120,4,1,3,26513.0,884.0,1.13,False,10.323400919076114,0.7059375227316237
OTI-SUD 2,Oti-Sud 2,OTI-SUD,Oti-Sud,Savanes,44324.0,39,1,0,1,44324.0,1137.0,0.88,False,10.074595567825778,0.5637326491435373
TANDJOARE 1,Tandjoaré 1,TANDJOARE,Tandjoaré,Savanes,74692.0,66,1,1,0,74692.0,1132.0,0.88,False,10.64721537197928,0.19559612607335372
TANDJOARE 2,Tandjoaré 2,TANDJOARE,Tandjoaré,Savanes,64175.0,93,4,0,4,16044.0,690.0,1.45,False,10.717862129057307,0.08478935158880761
TONE 1,Tône 1,TONE,Tône,Savanes,211743.0,946,14,7,7,15124.0,224.0,4.47,False,10.867547605481164,0.2068124031103317
TONE 2,Tône 2,TONE,Tône,Savanes,50179.0,76,0,0,0,,660.0,1.51,True,10.926528707608531,0.10801110870637624
TONE 3,Tône 3,TONE,Tône,Savanes,60276.0,83,1,0,1,60276.0,726.0,1.38,False,10.827664894766873,0.05925590394817818
TONE 4,Tône 4,TONE,Tône,Savanes,66577.0,175,0,0,0,,380.0,2.63,True,10.932596946968795,0.3143309017112474
