prefecture_key,prefecture,region,population,agents_mm,banques,microfinances,assurances,mutuelles,etab_financiers,guichets,hab_par_etab_financier,hab_par_banque,hab_par_agent_mm,agents_mm_par_1000_hab,agents_mm_par_guichet,part_population,part_agents_mm,part_etab_financiers,sans_banque,sans_etab_financier,cantons_total,cantons_mm_uniquement,agents_mm_en_zone_mm_uniquement,part_cantons_mm_uniquement,map_key
BLITTA,Blitta,Centrale,163272,90,3,7,0,0,10,10,16327.0,54424.0,1814.0,0.55,9.0,2.02,0.45,1.52,False,False,11,8,60,72.7,BLITTA
MO,Mô,Centrale,52448,32,0,2,0,0,2,2,26224.0,,1639.0,0.61,16.0,0.65,0.16,0.3,True,False,5,3,13,60.0,MO
SOTOUBOUA,Sotouboua,Centrale,138864,355,5,13,0,0,18,18,7715.0,27773.0,391.0,2.56,19.7,1.72,1.79,2.73,False,False,10,7,76,70.0,SOTOUBOUA
TCHAMBA,Tchamba,Centrale,200585,205,1,11,0,0,12,12,16715.0,200585.0,978.0,1.02,17.1,2.48,1.04,1.82,False,False,10,7,84,70.0,TCHAMBA
TCHAOUDJO,Tchaoudjo,Centrale,240360,1411,11,9,0,0,20,20,12018.0,21851.0,170.0,5.87,70.6,2.97,7.13,3.03,False,False,13,11,288,84.6,TCHAOUDJO
AGOE-NYIVE,Agoè-Nyivé,Grand Lomé,882695,1398,9,44,8,1,62,53,14237.0,98077.0,631.0,1.58,26.4,10.9,7.06,9.39,False,False,6,0,0,0.0,GOLFE
GOLFE,Golfe,Grand Lomé,1305681,5121,79,78,44,3,204,157,6400.0,16528.0,255.0,3.92,32.6,16.13,25.88,30.91,False,False,7,0,0,0.0,GOLFE
ASSOLI,Assoli,Kara,66394,228,2,5,0,0,7,7,9485.0,33197.0,291.0,3.43,32.6,0.82,1.15,1.06,False,False,6,5,75,83.3,ASSOLI
BASSAR,Bassar,Kara,152065,436,6,7,1,0,14,13,10862.0,25344.0,349.0,2.87,33.5,1.88,2.2,2.12,False,False,10,7,69,70.0,BASSAR
BINAH,Binah,Kara,84199,212,4,5,0,0,9,9,9355.0,21050.0,397.0,2.52,23.6,1.04,1.07,1.36,False,False,9,7,66,77.8,BINAH
DANKPEN,Dankpen,Kara,185662,190,2,4,0,0,6,6,30944.0,92831.0,977.0,1.02,31.7,2.29,0.96,0.91,False,False,12,11,94,91.7,DANKPEN
DOUFELGOU,Doufelgou,Kara,84767,184,2,8,0,0,10,10,8477.0,42384.0,461.0,2.17,18.4,1.05,0.93,1.52,False,False,12,8,52,66.7,DOUFELGOU
KOZAH,Kozah,Kara,283738,1562,15,5,6,0,26,20,10913.0,18916.0,182.0,5.51,78.1,3.5,7.89,3.94,False,False,15,13,265,86.7,KOZAH
KERAN,Kéran,Kara,128687,139,4,3,0,0,7,7,18384.0,32172.0,926.0,1.08,19.9,1.59,0.7,1.06,False,False,8,7,62,87.5,KERAN
AVE,Avé,Maritime,111214,128,3,10,0,0,13,13,8555.0,37071.0,869.0,1.15,9.8,1.37,0.65,1.97,False,False,9,3,23,33.3,AVE
BAS-MONO,Bas-Mono,Maritime,94860,183,0,3,0,1,4,3,23715.0,,518.0,1.93,61.0,1.17,0.92,0.61,True,False,7,4,30,57.1,BAS-MONO
LACS,Lacs,Maritime,241247,741,7,11,0,0,18,18,13403.0,34464.0,326.0,3.07,41.2,2.98,3.74,2.73,False,False,10,4,83,40.0,LACS
VO,Vo,Maritime,224411,476,5,12,0,0,17,17,13201.0,44882.0,471.0,2.12,28.0,2.77,2.41,2.58,False,False,10,5,100,50.0,VO
YOTO,Yoto,Maritime,174851,160,6,13,0,0,19,19,9203.0,29142.0,1093.0,0.92,8.4,2.16,0.81,2.88,False,False,12,6,23,50.0,YOTO
ZIO,Zio,Maritime,500032,779,5,19,0,3,27,24,18520.0,100006.0,642.0,1.56,32.5,6.18,3.94,4.09,False,False,16,6,217,37.5,ZIO
AGOU,Agou,Plateaux,85793,224,1,5,0,0,6,6,14299.0,85793.0,383.0,2.61,37.3,1.06,1.13,0.91,False,False,13,10,108,76.9,AGOU
AKEBOU,Akébou,Plateaux,73830,87,0,1,0,0,1,1,73830.0,,849.0,1.18,87.0,0.91,0.44,0.15,True,False,8,7,44,87.5,AKEBOU
AMOU,Amou,Plateaux,114172,175,0,6,0,0,6,6,19029.0,,652.0,1.53,29.2,1.41,0.88,0.91,True,False,11,8,95,72.7,AMOU
ANIE,Anié,Plateaux,180158,285,4,6,0,0,10,10,18016.0,45040.0,632.0,1.58,28.5,2.23,1.44,1.52,False,False,6,4,48,66.7,ANIE
DANYI,Danyi,Plateaux,40240,142,0,3,0,0,3,3,13413.0,,283.0,3.53,47.3,0.5,0.72,0.45,True,False,6,4,40,66.7,DANYI
EST-MONO,Est-Mono,Plateaux,164460,209,0,3,0,0,3,3,54820.0,,787.0,1.27,69.7,2.03,1.06,0.45,True,False,7,4,69,57.1,EST-MONO
HAHO,Haho,Plateaux,305096,453,3,18,1,0,22,21,13868.0,101699.0,674.0,1.48,21.6,3.77,2.29,3.33,False,False,10,5,180,50.0,HAHO
KLOTO,Kloto,Plateaux,145986,503,5,7,0,0,12,12,12166.0,29197.0,290.0,3.45,41.9,1.8,2.54,1.82,False,False,14,10,91,71.4,KLOTO
KPELE,Kpélé,Plateaux,80939,255,1,7,0,0,8,8,10117.0,80939.0,317.0,3.15,31.9,1.0,1.29,1.21,False,False,9,6,69,66.7,KPELE
MOYEN-MONO,Moyen-Mono,Plateaux,90505,81,0,5,0,0,5,5,18101.0,,1117.0,0.89,16.2,1.12,0.41,0.76,True,False,6,3,19,50.0,MOYEN-MONO
OGOU,Ogou,Plateaux,253467,421,7,12,2,0,21,19,12070.0,36210.0,602.0,1.66,22.2,3.13,2.13,3.18,False,False,8,2,36,25.0,OGOU
WAWA,Wawa,Plateaux,101300,244,1,3,0,0,4,4,25325.0,101300.0,415.0,2.41,61.0,1.25,1.23,0.61,False,False,12,11,155,91.7,WAWA
CINKASSE,Cinkassé,Savanes,128959,543,8,8,0,0,16,16,8060.0,16120.0,237.0,4.21,33.9,1.59,2.74,2.42,False,False,7,4,38,57.1,CINKASSE
KPENDJAL,Kpendjal,Savanes,88365,41,0,0,0,0,0,0,,,2155.0,0.46,,1.09,0.21,0.0,True,True,4,4,41,100.0,KPENDJAL
KPENDJAL-OUEST,Kpendjal-Ouest,Savanes,123330,129,0,3,0,0,3,3,41110.0,,956.0,1.05,43.0,1.52,0.65,0.45,True,False,7,5,62,71.4,KPENDJAL
OTI,Oti,Savanes,124848,368,5,5,0,0,10,10,12485.0,24970.0,339.0,2.95,36.8,1.54,1.86,1.52,False,False,8,6,58,75.0,OTI
OTI-SUD,Oti-Sud,Savanes,150376,159,1,4,0,0,5,5,30075.0,150376.0,946.0,1.06,31.8,1.86,0.8,0.76,False,False,8,5,51,62.5,OTI
TANDJOARE,Tandjoaré,Savanes,138867,159,1,4,0,0,5,5,27773.0,138867.0,873.0,1.14,31.8,1.72,0.8,0.76,False,False,13,10,96,76.9,TANDJOARE
TONE,Tône,Savanes,388775,1280,7,8,0,0,15,15,25918.0,55539.0,304.0,3.29,85.3,4.8,6.47,2.27,False,False,18,16,393,88.9,TONE
